name,near_field,website,tripadvisor_url,address,about_rank,summary
WaMu Theater,Lumen Field,http://www.washingtonmusictheater.com/,https://www.tripadvisor.co.kr/Attraction_Review-g60878-d13976227-Reviews-WaMu_Theater-Seattle_Washington.html?m=66827,"800 Occidental Ave S, 시애틀, WA",시애틀에 있는 862곳 관광지 중 367위,"[관광지명] WaMu Theater
[장점] 아름다운 장소, 친밀한 분위기, 좋은 보안 시설, 바가 설치된 방식과 줄이 없는 점, 좌석이 있는 것이 다행, 먹고 마실 선택권과 바 음료가 있는 꽤 멋진 장소, 시내에 있는 호텔에 묵으면서 걸어갈 수 있음
[단점] 입장 절차가 끔찍하고 비효율적, 보안 절차가 이상하고 일관성 없음, 가방 정책이 너무 엄격, 소리가 좀 안 들리고 사이즈 때문인 듯, 좌석이 매우 좁음, 수상한 동네에 위치
[핵심 키워드] 입장 절차, 보안, 가방 정책, 소리, 좌석, 분위기, 바, 먹을거리, 마실거리, 위치
[한줄 요약] WaMu Theater는 아름다운 장소와 친밀한 분위기를 자랑하지만, 비효율적인 입장 절차와 엄격한 가방 정책, 일관성 없는 보안 절차 등으로 인해 사용자 경험이 떨어질 수 있습니다."
Matsu,Lumen Field,http://www.matsuseattle.com,https://www.tripadvisor.co.kr/Restaurant_Review-g60878-d17632574-Reviews-Matsu-Seattle_Washington.html?m=66827,"501 Stadium Pl S, 시애틀, WA","시애틀의 3,970개의 맛집 중 750위","[관광지명] Matsu
[장점] 음식의 질이 높음, 서비스가 친절하고 훌륭함, 아름다운 인테리어와 편안한 좌석, 경기장 근처에 위치하여 접근성이 좋음, 다양한 메뉴와 특별한 요리들(예: 오마카세, 텐라거 폭탄), 해피아워 특선과 훌륭한 칵테일 및 사케 선택, 스시가 맛있고 크기가 큼, 초밥과 사시미가 신선하고 맛있음, 서비스가 뛰어남
[단점] 양이 작고 가격이 비쌈, 음식이 준비되는 시간이 오래 걸림, 일부 요리의 질이 기대에 못 미침, 서비스가 그저 그렇거나 별로임
[핵심 키워드] 음식, 서비스, 초밥, 사시미, 스시, 경기장, 가격, 양, 시간, 품질
[한줄 요약] Matsu는 훌륭한 음식과 서비스를 제공하는 식당으로, 특히 초밥과 사시미가 맛있지만, 가격이 비싸고 양이 작으며, 일부 서비스와 요리의 질에 대한 불만이 있음."
13 Coins Restaurant,Lumen Field,http://www.13coins.com,https://www.tripadvisor.co.kr/Restaurant_Review-g60878-d433086-Reviews-13_Coins_Restaurant-Seattle_Washington.html?m=66827,"255 S King St, 시애틀, WA","시애틀의 3,970개의 맛집 중 218위","[관광지명] 13 Coins Restaurant
[장점] 훌륭한 서비스, 맛있는 음식, 초대하는 듯한 분위기와 장식, 훌륭한 웨이트리스, 다양한 메뉴 선택, 아침 식사가 환상적, 직원들의 뛰어난 서비스
[단점] 긴 대기 시간, 시끄러운 음악, 중고등학교 급식소 같은 테이블 배치, 서비스가 부족, 음식이 비싸다, 음식이 식어서 제공됨
[핵심 키워드] 서비스, 음식, 분위기, 메뉴, 대기 시간, 테이블 배치, 가격
[한줄 요약] 13 Coins Restaurant은 훌륭한 서비스와 맛있는 음식으로 유명하지만, 긴 대기 시간과 서비스 부족으로 인해 일부 고객에게는 불편함을 줄 수 있습니다."
Zephyr Bar,Lumen Field,https://www.hilton.com/en/hotels/seapses-embassy-suites-seattle-downtown-pioneer-square,https://www.tripadvisor.co.kr/Restaurant_Review-g60878-d25482189-Reviews-Zephyr_Bar-Seattle_Washington.html?m=66827,"255 South King Street, 시애틀, WA","시애틀의 3,970개의 맛집 중 745위","[관광지명] Zephyr Bar
[장점] 환상적인 칵테일 및 음식 품질 (더티 마티니, 플랫 브레드 피자, 브뤼셀 콩나물, 구운 치즈와 토마토 비스크 수프, 트러플 감자 튀김 등), 친절하고 박식한 바텐더 (폴, 카일, 스티브, Rebekah 등), 편안한 분위기와 탁월한 서비스, 편리한 위치 (Amtrak Station 근처, Embassy Suites 내)
[단점] 일부 리뷰에서 서비스가 형편없다고 평가됨, 가격이 비싸다는 의견 있음
[핵심 키워드] 칵테일, 음식, 서비스, 분위기, 바텐더, 위치
[한줄 요약] Zephyr Bar는 환상적인 칵테일과 음식, 친절한 바텐더, 편안한 분위기로 칭찬받지만, 서비스와 가격에 대한 불만도 존재합니다."
Embassy Suites by Hilton Seattle Downtown Pioneer Square,Lumen Field,,https://www.tripadvisor.co.kr/Hotel_Review-g60878-d13142954-Reviews-Embassy_Suites_by_Hilton_Seattle_Downtown_Pioneer_Square-Seattle_Washington.html?m=66827,"255 South King Street, 시애틀, WA",2위 (118곳의 시애틀 소재 호텔 중),"[관광지명] Embassy Suites by Hilton Seattle Downtown Pioneer Square
[장점] **위치**: Lumen Field 근처로 축구팀과 야구팀 모두에게 편리함., **서비스**: 친절한 직원들과 무료 조식., **청결함**: 호텔이 매우 깨끗하고 조용함., **시설**: 훌륭한 무료 조식, 수영장 이용 가능., **안전**: 안전한 위치.
[단점] **하우스키핑**: 하우스키핑 관련 커뮤니케이션과 서비스에서 답답한 문제 발생., **객실 구조**: 두 침대가 같은 방에 있어 별도의 침실이 없음., **고객 서비스**: 일부 직원들의 고객 서비스가 부족함., **아침 식사**: 아침 식사 메뉴가 제한적이고 품질이 낮음.
[핵심 키워드] 호텔, 위치, 서비스, 청결, 하우스키핑, 고객 서비스, 아침 식사, 객실
[한줄 요약] Embassy Suites by Hilton Seattle Downtown Pioneer Square는 편리한 위치와 친절한 서비스로 칭찬받지만, 하우스키핑과 고객 서비스의 문제로 인해 일부 손님들이 답답함을 느꼈습니다."
Samurai Noodle,Lumen Field,http://www.samurainoodle.com,https://www.tripadvisor.co.kr/Restaurant_Review-g60878-d1109740-Reviews-Samurai_Noodle-Seattle_Washington.html?m=66827,"606 5th Ave S, 시애틀, WA","시애틀의 3,970개의 맛집 중 996위","[관광지명] Samurai Noodle
[장점] **맛있는 라면**: 많은 리뷰에서 라면의 맛이 좋다고 평가받았습니다., **진한 국물**: 특히 돈코츠 라멘의 국물이 진하고 맛있다는 평가가 있습니다., **부드러운 돼지고기**: 돼지고기가 부드럽다는 점이 자주 언급됩니다., **적절한 면의 식감**: 면이 딱딱하지 않고 적절한 식감을 가지고 있다는 평가가 있습니다., **친절한 서비스**: 직원들의 친절함이 긍정적으로 평가됩니다., **가격 대비 가치**: 가격 대비 가치가 좋다는 의견이 있습니다., **첫 라멘 경험에 적합**: 첫 라멘 경험에도 좋은 선택이라는 평가가 있습니다.
[단점] **조기 폐점**: 너무 일찍 문을 닫는다는 점이 단점으로 지적됩니다., **해산물 알러지 대응 불가**: 해산물 알러지가 있는 손님에게는 대응이 어렵습니다., **비쌈**: 일부 리뷰에서는 가격이 비싸다고 평가합니다., **탁월하지 않음**: 일부 리뷰에서는 음식이 탁월하지 않다고 평가합니다., **음악 선택 문제**: 공격적인 랩 음악이 흘러나오는 점이 불편하다는 평가가 있습니다., **위치 문제**: 경기장 근처에 위치해 있어 경기 날에는 붐비다는 점이 불편하다는 평가가 있습니다.
[핵심 키워드] 라면, 국물, 돼지고기, 면, 서비스, 가격, 해산물 알러지, 음악, 경기장
[한줄 요약] Samurai Noodle는 맛있는 라면과 진한 국물로 유명하지만, 조기 폐점과 해산물 알러지 대응 불가, 가격 문제 등이 단점으로 지적됩니다."
Michael Mina's Tailgate Restaurant,Levi’s Stadium,http://www.levisstadium.com/michael-minas-tailgate/,https://www.tripadvisor.co.kr/Restaurant_Review-g33046-d12092022-Reviews-Michael_Mina_s_Tailgate_Restaurant-Santa_Clara_California.html?m=66827,"4900 Marie P Debartolo Way, 산타클라라, CA",산타클라라의 539개의 맛집 중 90위,"[관광지명] Michael Mina's Tailgate Restaurant
[장점] 다양한 메뉴: 가족 구성원 모두가 즐길 수 있는 다양한 음식 선택, 편리한 위치: 이미 참석 중인 이벤트 장소 근처에 위치하여 접근성이 좋음, 높은 품질의 음식: Michael Mina의 놀라운 음식 품질, 훌륭한 서비스: 특히 기업 행사 시 서비스가 좋음, 독특한 향신료: 음식에 독특하게 가미된 향신료, 스포츠 바 분위기: 순수한 스포츠 바 분위기로 스포츠 팬들에게 적합
[단점] 높은 가격: 음식 가격이 비싸다는 평가, 서비스의 일관성 부족: 기업 행사 시 서비스 품질이 처음 방문 시만큼 좋지 않음, 시간 계획 필요: 식사 시간을 미리 계획해야 함
[핵심 키워드] 다양한 메뉴, 편리한 위치, 높은 품질, 훌륭한 서비스, 독특한 향신료, 스포츠 바, 높은 가격, 서비스의 일관성 부족, 시간 계획
[한줄 요약] Michael Mina's Tailgate Restaurant는 다양한 메뉴와 높은 품질의 음식, 편리한 위치로 가족 및 이벤트 참석자들에게 인기가 있으나, 높은 가격과 서비스의 일관성 부족이 단점으로 지적됩니다."
Levi's Stadium,Levi’s Stadium,http://www.levisstadium.com/,https://www.tripadvisor.co.kr/Attraction_Review-g33046-d6949130-Reviews-Levi_s_Stadium-Santa_Clara_California.html?m=66827,"4900 Marie P Debartolo Way, 산타클라라, CA",산타클라라에 있는 63곳 관광지 중 1위,"[관광지명] Levi's Stadium
[장점] 스포츠 및 엔터테인먼트 행사를 위한 환상적인 장소, 활기찬 팬들과 좋은 전망, 현대적이고 잘 관리된 시설, 다양한 음식과 음료 옵션, 아름다운 전망과 음식 선택, 클럽 레벨에서 음식과 음료 무료 제공, 경기장은 음식과 음료 옵션이 많음, 경기장은 거대하지만 매우 깨끗하고 잘 유지됨, 매점 스탠드의 직원이 친절하고 시간을 가짐, 훌륭한 하루를 보낼 수 있음
[단점] 교통 체증으로 인한 경기장 출입 어려움, 최상위 계층은 실제로 중간에 있지 않음, 주차장에서 걸어가는 거리, 소음 수준이 큼, 겨울에는 가끔 춥다, 경기장 배치 및 표지판 부족, 행사 후 출구 문제, 주차 비용 및 출구 시간, 주차 사인이 잘 안되어 있음, 행사 후 떠나는 것이 재앙, 음식과 음료 가격이 강탈 수준, 접근성 문제, 전광판(Jumbotron)이 꺼져 있음, 조직된 주차공간이 없음
[핵심 키워드] 팬, 전망, 현대적, 시설, 음식, 음료, 교통, 체증, 최상위 계층, 계단, 소음, 겨울, 춥다, 배치, 표지판, 출구, 주차, 비용, 사인, 접근성, 전광판, 주차공간
[한줄 요약] Levi's Stadium은 현대적이고 다양한 음식과 음료를 제공하는 훌륭한 경기장이지만, 교통 체증, 출구 문제, 높은 가격, 접근성 문제로 인해 일부 사용자에게는 불편함이 있을 수 있습니다."
Chicken Guy!,Levi’s Stadium,https://chickenguy.com/locations/levis-stadium/?y_source=1_mtm1otewmjitnzy5lwxvy2f0aw9ulndlynnpdgu%3d,https://www.tripadvisor.co.kr/Restaurant_Review-g33046-d19066734-Reviews-Chicken_Guy-Santa_Clara_California.html?m=66827,"4900 Marie P DeBartolo Way Levi's Stadium, 산타클라라, CA",산타클라라의 539개의 맛집 중 105위,"[관광지명] Chicken Guy!
[장점] 리뷰에는 명확한 장점이 언급되지 않았습니다.
[단점] 가격이 비쌈, 치킨 샌드위치가 맛이 없고 건조함, 감자튀김이 기름기가 많고 힘없음, 가격에 비해 맛이 없는 식사
[핵심 키워드] 가격, 치킨 샌드위치, 맛, 건조, 감자튀김, 기름기, 힘없음
[한줄 요약] Chicken Guy!는 가격이 비싸고, 치킨 샌드위치가 맛이 없으며 건조하고, 감자튀김이 기름기가 많고 힘없어 가격에 비해 만족스럽지 못한 식사 경험을 제공한다는 부정적인 평가를 받았습니다."
49ers Museum,Levi’s Stadium,http://www.levisstadium.com/museum/,https://www.tripadvisor.co.kr/Attraction_Review-g33046-d10110822-Reviews-49ers_Museum-Santa_Clara_California.html?m=66827,"4900 Marie P Debartolo Way, 산타클라라, CA",산타클라라에 있는 63곳 관광지 중 8위,"[관광지명] 49ers Museum
[장점] 다양한 인터랙티브 활동, 훌륭한 전설적인 선수들의 동상, 슈퍼볼 트로피 룸, 빌 월쉬에 대한 영예, 인터랙티브한 전시물, 49ers 역사와 기념품의 포괄적인 전시, 적당한 입장료, 경기장 투어, Cal-Stanford Big Game 역사에 대한 전시, IMAX 영화
[단점] 경기장 주차의 어려움, 선택사항이 아닌 더 심도있는 경기장 투어의 부재, 박물관 내 가이드의 과도한 친절, 상점의 비싼 가격
[핵심 키워드] 스포츠 박물관, 49ers, 인터랙티브, 슈퍼볼 트로피, 빌 월쉬, 경기장 투어, Cal-Stanford Big Game, IMAX 영화
[한줄 요약] 49ers Museum은 인터랙티브한 전시와 포괄적인 기념품 전시로 스포츠 팬들에게 매력적인 경험을 제공하지만, 주차 문제와 선택사항이 아닌 경기장 투어가 단점으로 작용합니다."
California's Great America,Levi’s Stadium,http://www.cagreatamerica.com,https://www.tripadvisor.co.kr/Attraction_Review-g33046-d620857-Reviews-California_s_Great_America-Santa_Clara_California.html?m=66827,"4701 Great America Pkwy, 산타클라라, CA",산타클라라에 있는 63곳 관광지 중 5위,"[관광지명] California's Great America
[장점] 위치가 좋음 (해변과 구시가지에 가까움), 일부 놀이기구들은 재미있음, 일부 리뷰에서는 공원이 깨끗하고 잘 관리되어 있다고 언급, 워터파크 구역은 더 나은 경험을 제공할 수 있음, Great America Food and Wine Festival은 좋은 경험이었고, 직원들은 친절하고 전문적임, 입장료가 합리적, Cantina에서 점심 추천
[단점] 방이 더럽고 청결하지 않음, 화장실과 샤워 시설의 상태가 좋지 않음, 직원의 서비스가 불친절하고 도움이 되지 않음, 아침 식사의 선택이 제한적이고 음식이 차갑고 맛이 없음, 놀이기구 대기 시간이 길고, 직원들이 새치기를 막지 않음, 직원들이 손님 안전을 무시하고 부적절한 상황을 처리하지 못함, 음식과 물건의 가격이 비쌈, 환불 수표 발송 지연 및 고객 서비스 불량
[핵심 키워드] 더러운 방, 청결하지 않음, 불친절한 직원, 긴 대기 시간, 새치기, 안전 무시, 비싼 가격, 환불 지연, 고객 서비스 불량
[한줄 요약] California's Great America는 위치가 좋고 일부 놀이기구가 재미있지만, 방의 청결도, 직원의 서비스, 손님 안전 처리, 가격 문제, 고객 서비스 등에서 많은 불만이 있어 전체적인 경험이 실망스러웠습니다."
Santa Clara Convention Center,Levi’s Stadium,http://www.santaclara.org/conventioncenter/,https://www.tripadvisor.co.kr/Attraction_Review-g33046-d1419970-Reviews-Santa_Clara_Convention_Center-Santa_Clara_California.html?m=66827,"5001 Great America Pkwy, 산타클라라, CA",산타클라라에 있는 63곳 관광지 중 6위,"[관광지명] Santa Clara Convention Center
[장점] **우수한 고객 서비스**: Ariel Alvero, Stephanie Barraza, Sydney Green 등의 직원들이 매우 친절하고 도움이 되었습니다., **적절한 크기**: 행사 규모에 맞는 적절한 크기로, 장비 이동이 최소화되었습니다., **좋은 위치**: Levi's Stadium과 가까운 곳에 위치하고 있으며, Hyatt Regency Hotel과 연결되어 있습니다., **무료 주차**: 뒤쪽 경사로에 무료 주차장이 있습니다., **깨끗하고 잘 조명된 공간**: 컨벤션 센터가 밝고 깨끗하며, 충분한 공간이 있습니다., **좋은 소리 차단**: 방 구분 벽이 견고하여 이웃 소리를 잘 차단합니다., **안전성**: 보안 직원이 상주하여 안전하며, 범죄나 노숙자 문제가 없습니다., **무료 주차 공간**: 대형 무료 주차장이 많이 있습니다., **건축 및 디자인**: 내부와 외부의 건축이 흥미롭고 매력적입니다.
[단점] **AV 장비 비용**: AV 장비가 약간 비싸다는 점이 언급되었습니다., **UPS 배송 문제**: 마지막 날 UPS 배송 줄이 길고 느렸습니다., **건물 구조**: 중앙 아트리움을 통해 이동해야 하는 구조상 병목현상이 발생합니다., **주변 식당 부족**: 주변 식당가가 부족하여 선택권이 제한됩니다.
[핵심 키워드] 친절한 직원, 적절한 크기, 좋은 위치, 무료 주차, 깨끗한 공간, 좋은 소리 차단, 안전, 무료 주차 공간, 건축 및 디자인
[한줄 요약] Santa Clara Convention Center는 우수한 고객 서비스, 적절한 크기, 좋은 위치, 무료 주차, 깨끗한 공간, 좋은 소리 차단, 안전성, 건축 및 디자인으로 높은 평가를 받았으나, AV 장비 비용, UPS 배송 문제, 건물 구조, 주변 식당 부족 등의 단점이 있습니다."
Evolution Cafe and Bar,Levi’s Stadium,https://www.hyatt.com/en-US/hotel/california/hyatt-regency-santa-clara/clara/dining,https://www.tripadvisor.co.kr/Restaurant_Review-g33046-d17623360-Reviews-Evolution_Cafe_and_Bar-Santa_Clara_California.html?m=66827,"5101 Great America Pkwy Hyatt Regency Santa Clara, 산타클라라, CA",산타클라라의 539개의 맛집 중 256위,"[관광지명] Evolution Cafe and Bar
[장점] 음식의 질: 특히 호텔 레스토랑 치고는 음식이 괜찮다는 평가가 있음, 서비스: 웨이트 스태프의 서비스가 매우 좋았다는 긍정적인 평가가 있음, 뷔페 메뉴: 두 가지 다른 뷔페 메뉴가 제공되며, 과일 등 뷔페는 더 가벼운 음식을 선택할 수 있는 옵션으로 평가됨, 현대적이고 매력적인 장소: 장소의 분위기와 디자인이 좋다는 평가가 있음, 끝없는 오렌지 주스 제공: 서비스가 훌륭하고, 끝없이 따라주는 오렌지 주스가 멋지다는 평가가 있음
[단점] 가격: 일부 메뉴가 비싸다는 평가가 있음 (예: 햄버거, 뷔페), 서비스 문제: 웨이터나 호텔 직원을 찾기 어려웠다는 평가가 있음, 음식의 양: 햄버거가 작다는 평가가 있음, 감자튀김의 익힘 정도: 감자튀김이 거의 익지 않았다는 평가가 있음, 뷔페의 위생 문제: 마스크 없이 음식 위에 침을 흘리는 사람들이 있었다는 평가가 있음
[핵심 키워드] 음식, 서비스, 뷔페, 가격, 현대적, 매력적
[한줄 요약] Evolution Cafe and Bar는 음식의 질과 현대적인 분위기가 좋지만, 가격과 서비스 문제로 인해 전반적인 평가가 혼재되어 있습니다."
Starbucks,SoFi Stadium,http://www.starbucks.com,https://www.tripadvisor.co.kr/Restaurant_Review-g32525-d5088199-Reviews-Starbucks-Inglewood_California.html?m=66827,"3471 W Century Blvd, 잉글우드, CA",잉글우드의 341개의 맛집 중 126위,"[관광지명] Starbucks
[장점] 드라이브 스루 서비스 제공 (이 지역에서 유일), 직원들의 친절함 (주문을 받는 아가씨/소녀가 매우 친절), 대안 음료 제안 (원하는 음료가 품절일 때 대안을 제시)
[단점] 재고 부족 (일부 재료나 메뉴가 없음), 제한된 좌석 수 (실내 및 외부 좌석이 적음), 음료 수령 시간 (드라이브 스루로 인해 시간이 조금 걸림)
[핵심 키워드] 드라이브 스루, 친절함, 재고 부족, 좌석 수, 음료 수령 시간
[한줄 요약] Starbucks는 드라이브 스루와 친절한 직원으로 편리함을 제공하지만, 재고 부족과 제한된 좌석 수로 인해 일부 불편함이 있으며, 음료 수령 시간이 조금 더 걸릴 수 있습니다."
Hollywood Park Casino,SoFi Stadium,http://www.playhpc.com/,https://www.tripadvisor.co.kr/Attraction_Review-g32525-d7202325-Reviews-Hollywood_Park_Casino-Inglewood_California.html?m=66827,"3883 W Century Blvd, 잉글우드, CA",잉글우드에 있는 32곳 관광지 중 3위,"[관광지명] Hollywood Park Casino
[장점] 우수한 고객 서비스: Nara Nuon, Julimeah, Nader 등 직원들이 친절하고 도움이 되었으며, 고객 만족을 위해 노력했습니다., 편리한 위치: SoFi와 가깝고, 인튜이티브 돔 근처에 위치해 이벤트 참석 시 편리합니다., 멋진 분위기와 깨끗한 환경: 장소가 아름답고 깨끗하며, 담배 냄새가 나지 않습니다., 다양한 음식과 음료: 좋은 바 음식과 NA 맥주를 포함한 다양한 음료가 제공됩니다., 흥미진진한 게임과 좋은 서비스: 친절한 직원과 함께 흥미로운 게임을 즐길 수 있습니다.
[단점] 슬롯 머신 부재: 카드 테이블만 있어 전통적인 카지노 경험을 원하는 사람들에게는 부족할 수 있습니다., 음식 서비스 지연: 음식 주문 후 오랜 대기 시간이 있을 수 있으며, 서비스 품질이 일관되지 않을 수 있습니다., 공간 활용의 비효율성: 공간 낭비가 심하다는 평가를 받았습니다.
[핵심 키워드] 친절한 직원, 편리한 위치, 멋진 분위기, 음식 서비스 지연, 슬롯 머신 부재
[한줄 요약] Hollywood Park Casino는 친절한 직원과 편리한 위치로 유명하지만, 슬롯 머신 부재와 음식 서비스 지연으로 인해 일부 고객에게는 불편함을 줄 수 있습니다."
Off Track Betting at Hollywood Park,SoFi Stadium,http://www.hollywoodpark.com/,https://www.tripadvisor.co.kr/Attraction_Review-g32525-d1067267-Reviews-Off_Track_Betting_at_Hollywood_Park-Inglewood_California.html?m=66827,"3883 W Century Blvd At Hollywood Park Casino, 잉글우드, CA",잉글우드에 있는 32곳 관광지 중 4위,"[관광지명] Off Track Betting at Hollywood Park
[장점] 친절한 딜러와 웨이트리스, 음식이 꽤 괜찮음, 혼자 여행할 때 마음의 평온과 충만함을 느낄 수 있음, 다양한 게임 제공 (블랙잭, 파이고우, 텍사스 홀덤 등), 테이블에서 음식 주문 가능, 무료 소다 제공, 버스 및 Lyft 이용 가능
[단점] 장소가 철거되어 방문 불가, 더러운 손으로 칩과 카드 만지는 문제, 각 게임마다 $1의 비용이 발생, 슬롯 머신 없음, 장소가 오래되어 리모델링 필요, 완전한 시간 낭비라는 평가, 빈민가스러운 분위기, 청결 문제 (카펫 얼룩, 화장실 더러움), 먹을거리가 별로임
[핵심 키워드] 철거, 친절한 서비스, 음식, 혼자 여행, 게임, 더러움, 비용, 슬롯 머신 없음, 리모델링 필요, 시간 낭비, 빈민가스러운 분위기, 청결 문제, 먹을거리
[한줄 요약] Hollywood Park의 Off Track Betting은 친절한 서비스와 다양한 게임으로 매력적이었으나, 장소가 철거되어 방문이 불가능하며, 더러움과 청결 문제, 먹을거리의 부족 등 여러 단점이 지적되었습니다."
Jack in the Box,AT&T Stadium,https://locations.jackinthebox.com/us/tx/arlington/900-n-collins-st?utm_source=trpa&utm_medium=local&utm_campaign=trpa-local,https://www.tripadvisor.co.kr/Restaurant_Review-g30183-d12958223-Reviews-Jack_in_the_Box-Arlington_Texas.html?m=66827,"900 N Collins St, 알링턴, TX","알링턴의 1,068개의 맛집 중 521위","[관광지명] Jack in the Box
[장점] **일관된 맛**: 어느 지점을 방문하든 타코의 맛이 일정하다는 점이 강조되었습니다., **친절한 서비스**: 직원들이 도움이 되고 친절하다는 긍정적인 평가가 있습니다., **맛있는 음식**: 음식의 맛이 좋다는 평가가 반복적으로 나타납니다., **편리한 위치**: 경기장 근처에 위치해 있어 접근성이 좋다는 점이 언급되었습니다.
[단점] **혼잡**: 특히 경기 전후에는 많은 사람들이 방문하여 붐비다는 점이 언급되었습니다., **대기 시간**: 혼잡으로 인해 약간의 대기 시간이 발생할 수 있다는 점이 지적되었습니다.
[핵심 키워드] 일관된 맛, 친절한 서비스, 맛있는 음식, 혼잡, 대기 시간
[한줄 요약] Jack in the Box는 일관된 맛과 친절한 서비스로 유명하지만, 특히 경기장 근처 지점은 혼잡할 수 있으며 약간의 대기 시간이 발생할 수 있습니다."
Cicis Pizza,AT&T Stadium,https://www.cicis.com/locations/tx-arlington-826-n-collins-street?utm_source=tripadvisor&utm_medium=local&utm_campaign=tripadvisor-local,https://www.tripadvisor.co.kr/Restaurant_Review-g30183-d2103333-Reviews-Cicis_Pizza-Arlington_Texas.html?m=66827,"826 N Collins St Tx,us, 알링턴, TX","알링턴의 1,068개의 맛집 중 175위","[관광지명] Cicis Pizza
[장점] 친절한 직원들, 특히 열정적인 스카일러, 깨끗하고 잘 관리된 음식 바, 신선하고 풍미 있는 음식, 휠체어 이용자를 위한 충분한 공간, 합리적인 가격의 뷔페, 다양한 피자 선택, 표준 뷔페를 잘 유지하고 재고를 충분히 유지, AT&T 스타디움 건너편에 위치하여 멋진 전망 제공, 빠른 서비스와 저렴한 가격
[단점] 주차 공간이 제한적, 토핑이 조금 부족할 수 있음, 트레이 제공이 안 되는 경우가 있음, 음식이 오래 놓여 있어 보일 수 있음, 샐러드가 시들 수 있음
[핵심 키워드] 친절한 직원, 깨끗한 음식 바, 신선한 음식, 휠체어 접근성, 합리적인 가격, 다양한 피자, 주차 공간 제한
[한줄 요약] Cicis Pizza는 친절한 직원과 신선한 음식으로 유명하며, 특히 휠체어 이용자에게 편리한 환경을 제공합니다. 그러나 주차 공간의 제한과 토핑의 부족 등 몇 가지 단점이 있습니다. 전반적으로 가격 대비 좋은 선택지로 평가됩니다."
Stadium Club,AT&T Stadium,http://attstadium.com/stadiumclub,https://www.tripadvisor.co.kr/Restaurant_Review-g30183-d11596412-Reviews-Stadium_Club-Arlington_Texas.html?m=66827,"1 At T Way East of Entry A AT&T Stadium, 알링턴, TX","알링턴의 1,068개의 맛집 중 184위","[관광지명] Stadium Club
[장점] 훌륭한 음식 품질, 친절하고 우수한 서비스, 합리적인 가격, 다양한 맥주 선택, 고급스러운 분위기, 많은 TV 화면, AT&T 경기장 투어 후 좋은 장소
[단점] 저녁 식사 메뉴가 제한적, 브리스킷 샌드위치가 먹기 힘들고 지방이 많음
[핵심 키워드] 음식, 서비스, 가격, 분위기, 맥주, 경기장, 투어
[한줄 요약] Stadium Club은 훌륭한 음식과 서비스, 합리적인 가격, 고급스러운 분위기로 유명하며, 특히 AT&T 경기장 투어 후 점심 식사에 적합한 장소로 평가받지만, 저녁 식사 메뉴가 제한적이고 브리스킷 샌드위치의 품질에 대한 불만이 있습니다."
McDonald's,AT&T Stadium,https://www.mcdonalds.com/us/en-us/location/tx/arlington/915-e-randol-mill-rd/30901.html?cid=rf:yxt:ron::clicks,https://www.tripadvisor.co.kr/Restaurant_Review-g30183-d4370673-Reviews-McDonald_s-Arlington_Texas.html?m=66827,"915 E Randol Mill Rd, 알링턴, TX","알링턴의 1,068개의 맛집 중 540위","[관광지명] McDonald's
[장점] 깨끗한 환경, 주요 지역 명소에 가까움, 평균 이상의 직원과 서비스, 빠르고 믿을 수 있는 간식, 좋은 WIFI 연결 (집 인터넷이 끊겼을 때 유용), 스타벅스보다 나은 WIFI
[단점] 꽤 붐비는 상황, 음식은 다른 맥도날드와 비슷하며 특별한 점이 없음, 학교가 있는 날 오후 3시 30분 이후에는 너무 시끄러움
[핵심 키워드] 깨끗함, 위치, 서비스, WIFI, 시끄러움, 음식
[한줄 요약] McDonald's는 깨끗한 환경과 좋은 위치, 평균 이상의 서비스, 믿을 수 있는 빠른 간식, 그리고 스타벅스보다 나은 WIFI를 제공하지만, 음식은 다른 맥도날드와 비슷하며, 특히 학교가 있는 날 오후에는 너무 시끄러워질 수 있습니다."
Taco Bell,AT&T Stadium,https://locations.tacobell.com/tx/arlington/1101-n--collins.html?utm_source=yext&utm_campaign=yextpowerlistings&utm_medium=referral&utm_term=005789&utm_content=website&y_source=1_nje0nza3nc03njktbg9jyxrpb24ud2vic2l0zq%3d%3d,https://www.tripadvisor.co.kr/Restaurant_Review-g30183-d3412379-Reviews-Taco_Bell-Arlington_Texas.html?m=66827,"1101 N. Collins, 알링턴, TX","알링턴의 1,068개의 맛집 중 544위","[관광지명] Taco Bell
[장점] 정확한 주문, 적시적인 서비스, 맛있는 음식, 훌륭한 직원과 서비스, 편리한 위치 (카우보이 경기장 근처), 칸티나 볼의 맛
[단점] Pepsi만 제공 (Coke 없음), 교통 혼잡 (경기 전후), 매운 음식으로 인한 소화불량 가능성
[핵심 키워드] 정확한 주문, 적시적인 서비스, 맛있는 음식, 훌륭한 서비스, 편리한 위치, 칸티나 볼, Pepsi, 교통 혼잡, 매운 음식
[한줄 요약] Taco Bell은 정확한 주문과 적시적인 서비스로 유명하며, 특히 칸티나 볼과 같은 맛있는 메뉴와 편리한 위치로 인기가 높지만, Pepsi만 제공되며 교통 혼잡과 매운 음식으로 인한 소화불량 가능성이 있습니다."
홀리데이 인 휴스턴 사우스 루프,NRG Stadium,,https://www.tripadvisor.co.kr/Hotel_Review-g56003-d98959-Reviews-Holiday_Inn_Houston_S_Nrg_Area_Med_Ctr_By_IHG-Houston_Texas.html?m=66827,"8111 Kirby Dr., 휴스턴, TX",154위 (631곳의 휴스턴 소재 호텔 중),"[관광지명] 홀리데이 인 휴스턴 사우스 루프
[장점] NRG 스타디움까지 가까운 위치, 친절한 직원들 (특히 브리트니, 크리스티아나, 엘리자베스, 크리스티나, 조나), 편안한 침대, 편리한 셔틀 서비스, 최근 리모델링으로 개선된 시설
[단점] 셔틀 서비스 시간 제한, 체크인 시 예약 문제 발생, 취소 시 환불 문제, 객실의 기본적인 편의시설 부족
[핵심 키워드] NRG 스타디움, 친절한 직원, 편안한 침대, 셔틀 서비스, 최근 리모델링
[한줄 요약] NRG 스타디움 근처에 위치한 홀리데이 인 휴스턴 사우스 루프는 친절한 직원과 편안한 침대를 제공하지만, 셔틀 서비스 시간 제한과 체크인 시 예약 문제 등의 단점이 있습니다."
익스텐디드 스테이 디럭스 휴스턴 메디컬 센터 - 라 콘챠 린,NRG Stadium,,https://www.tripadvisor.co.kr/Hotel_Review-g56003-d108130-Reviews-Extended_Stay_America_Houston_Med_Ctr_NRG_Park_Kirby-Houston_Texas.html?m=66827,"1303 La Concha Ln, 휴스턴, TX",7위 (143곳의 휴스턴 소재 기타 숙박시설 중),"[관광지명] 익스텐디드 스테이 디럭스 휴스턴 메디컬 센터 - 라 콘챠 린
[장점] 친절한 직원 (Norma, Princess, Tam, Sandy, Alexis 등), 좋은 환대와 고객 서비스, 깨끗한 객실, 잘 작동하는 WiFi, 편리한 위치 및 지역 접근성, 조직적이고 도움이 되는 호텔 직원, 특히 MD Anderson과의 협력으로 의료 체류에 적합
[단점] 일부 객실에서 불쾌한 냄새 (고양이 오줌 냄새), 작은 바퀴벌레가 보임, 프론트 데스크의 연락 불가 문제, 보안 문제 (주차장 침입 사건)
[핵심 키워드] 친절한 직원, 깨끗한 객실, 좋은 WiFi, 보안 문제, 의료 체류
[한줄 요약] 친절한 직원과 깨끗한 객실로 의료 체류에 적합한 호텔이지만, 일부 객실에서 불쾌한 냄새와 작은 바퀴벌레가 보이며, 프론트 데스크의 연락 불가 및 보안 문제가 있습니다."
Angeloz,NRG Stadium,http://www.angelozpoboys.com,https://www.tripadvisor.co.kr/Restaurant_Review-g56003-d8806085-Reviews-Angeloz-Houston_Texas.html?m=66827,"8057 Kirby Dr Suite G, 휴스턴, TX","휴스턴의 9,377개의 맛집 중 1,546위","[관광지명] Angeloz
[장점] 맛있는 샌드위치: 특히 PoBoy와 머풀레타가 인기가 많으며, 추가 차우 차우와 함께 뜨겁게 제공되어 높은 평가를 받음., 친절한 직원: 직원들이 항상 친절하다는 점이 자주 언급됨., 독특한 경험: 휴스턴 여행 중 추천할 만한 장소로, 특별한 맛을 제공함., 다양한 메뉴: PoBoy 외에도 파스트라미, 타불리 등 다양한 메뉴가 인기가 있음., 편리한 위치: 호텔에서 걸어서 갈 수 있는 거리에 위치해 있어 편리함.
[단점] 서비스 문제: 일부 리뷰에서 서비스에 대한 불만이 있으며, 무례한 주인과의 경험이 언급됨., 리뷰 조작 의혹: 주인이 나쁜 리뷰를 삭제한다는 의혹이 있어 신뢰성에 대한 우려가 있음.
[핵심 키워드] PoBoy, 머풀레타, 차우 차우, 서비스, 리뷰 조작, 친절함
[한줄 요약] Angeloz는 맛있는 PoBoy와 머풀레타로 유명하며, 친절한 서비스로 사랑받는 곳이지만, 일부 리뷰에서는 서비스 문제와 리뷰 조작 의혹이 제기되어 주의가 필요합니다."
홈스테드 휴스턴 - 메디컬  센터  - 릴라이언트 파크  - 페닌 스트리트,NRG Stadium,,https://www.tripadvisor.co.kr/Hotel_Review-g56003-d217745-Reviews-Extended_Stay_America_Houston_Med_Ctr_NRG_Park_Fannin-Houston_Texas.html?m=66827,"7979 Fannin St, 휴스턴, TX",523위 (631곳의 휴스턴 소재 호텔 중),"[관광지명] 홈스테드 휴스턴 - 메디컬  센터  - 릴라이언트 파크  - 페닌 스트리트
[장점] 편리한 위치, 믿을만한 셔틀 서비스, 깨끗한 객실, Vanessa의 훌륭한 자원 제공
[단점] 피 묻은 리넨 및 욕실 벽, 객실 전화 작동 불능, 극도로 나쁜 고객 서비스, 늦은 체크인 시 문제 발생, 방 청소 불량 및 더러움, 추가 비용 청구 문제, 매니저와의 연락 어려움
[핵심 키워드] 불량 서비스, 더러움, 청소 문제, 추가 비용, 고객 서비스, 늦은 체크인, 편리한 위치, 깨끗한 객실
[한줄 요약] 홈스테드 휴스턴은 편리한 위치와 깨끗한 객실 등의 장점이 있으나, 극도로 나쁜 고객 서비스, 방 청소 불량, 추가 비용 청구 문제 등 여러 단점이 있어 전체적인 평가가 부정적입니다."
Vasso Grill,NRG Stadium,http://www.vassogrill.com,https://www.tripadvisor.co.kr/Restaurant_Review-g56003-d4887221-Reviews-Vasso_Grill-Houston_Texas.html?m=66827,"7900 Fannin St, 휴스턴, TX","휴스턴의 9,377개의 맛집 중 3,560위","[관광지명] Vasso Grill
[장점] 주문한 음식이 빨리 나옴, 주문 정확도 높음, 음식 맛 좋음 (특히 치킨, 베이컨, 치즈와 랜치 드레싱을 넣은 웟프), 친절한 직원들
[단점] 리뷰에 언급된 단점이 없음
[핵심 키워드] 빠른 서비스, 정확한 주문, 맛있는 웟프, 친절한 직원
[한줄 요약] Vasso Grill은 빠른 서비스와 정확한 주문, 맛있는 웟프, 친절한 직원들로 인해 추천할 만한 곳입니다."
Viet's Express,NRG Stadium,http://viets-express.com,https://www.tripadvisor.co.kr/Restaurant_Review-g56003-d15175239-Reviews-Viet_s_Express-Houston_Texas.html?m=66827,"8057 Kirby Dr Suite F, 휴스턴, TX","휴스턴의 9,377개의 맛집 중 4,154위","[관광지명] Viet's Express
[장점] 의료원/NRG stadium 근처에 위치, 쌀국수는 무난한 맛, 메뉴에 다양한 음식 제공, 친절한 서비스, 적당한 가격, 주차공간이 넉넉, 청결한 환경, 콤보 쌀국수의 풍부한 고기 양, 고기 완자와 힘줄이 맛있음, 국물이 풍미 있고 개운함, 콩나물과 바질이 맛을 더함, 베트남 음식에 대한 감동적인 첫 경험, 베트남 샌드위치 재방문 의사 있음
[단점] 일부 메뉴의 가격이 비싸다고 느껴짐, 끔찍한 음식 품질, 기름진 맛, 많은 그리들, 기름진 계란 롤, 물컵에 벌레, 불량한 서비스, 다시 방문할 의사가 없음
[핵심 키워드] 쌀국수, 다양한 메뉴, 친절한 서비스, 적당한 가격, 청결, 콤보 쌀국수, 고기 완자, 힘줄, 풍미 있는 국물, 콩나물, 바질, 베트남 음식, 감동, 베트남 샌드위치, 끔찍한 음식, 기름진, 그리들, 벌레, 불량한 서비스
[한줄 요약] Viet's Express는 의료원/NRG stadium 근처에 위치한 다양한 메뉴와 친절한 서비스를 제공하는 베트남 음식점으로, 일부 고객은 음식 품질과 서비스에 대해 부정적인 평가를 내리고 있습니다."
GEHA Field at Arrowhead Stadium,Arrowhead Stadium,http://www.chiefs.com/stadium,https://www.tripadvisor.co.kr/Attraction_Review-g44535-d630976-Reviews-GEHA_Field_at_Arrowhead_Stadium-Kansas_City_Missouri.html?m=66827,"1 Arrowhead Dr, 캔자스시티, MO",캔자스시티에 있는 331곳 관광지 중 15위,"[관광지명] GEHA Field at Arrowhead Stadium
[장점] **정보 제공 및 즐거운 투어**: 투어 가이드들이 지식이 풍부하고 즐겁게 투어를 진행했습니다., **친절한 직원 및 보안**: 직원들이 친절하고 도움이 되었으며, 보안이 잘 유지되었습니다., **훌륭한 게임 날 경험**: 게임 날 경험이 뛰어났고, 팬들과의 상호작용이 긍정적이었습니다., **멋진 전망과 훌륭한 음식**: 경기장의 전망과 음식의 질이 좋았습니다., **개인화된 서비스**: 단체 투어가 불가능할 때 개인 투어 시간대를 열어주는 등 고객 서비스가 우수했습니다., **가족 및 친구들과의 훌륭한 경험**: 가족 및 친구들과 함께 즐길 수 있는 좋은 경험이었습니다., **역사 및 비하인드 스토리**: 경기장의 역사와 비하인드 스토리를 배울 수 있는 기회가 제공되었습니다.
[단점] **가격이 비싸다**: 일부 리뷰에서 투어 가격이 비싸다고 언급되었습니다.
[핵심 키워드] 투어, 가이드, 친절, 보안, 게임 날, 전망, 음식, 고객 서비스, 가족, 역사
[한줄 요약] GEHA Field at Arrowhead Stadium은 정보 제공 및 즐거운 투어, 친절한 직원, 훌륭한 게임 날 경험, 멋진 전망과 음식, 개인화된 서비스로 인해 높은 평가를 받으며, 가격이 비싸다는 단점이 있습니다. 전반적으로 가족과 친구들과 함께 즐길 수 있는 훌륭한 경험을 제공합니다."
Missouri Welcome Center,Arrowhead Stadium,https://www.visitmo.com/kansas-city-official-missouri-welcome-center.aspx,https://www.tripadvisor.co.kr/Attraction_Review-g44676-d12837238-Reviews-Missouri_Welcome_Center-Missouri_City_Missouri.html?m=66827,"4010 Blue Ridge Cut Off, 미주리시티, MO",미주리시티에 있는 7곳 관광지 중 4위,"[관광지명] Missouri Welcome Center
[장점] 도움이 되는 직원: 리뷰어는 센터의 신사가 매우 도움이 되었고 지역에 대해 잘 알고 있었다고 언급했습니다., 편리한 위치: I70 동쪽을 여행하는 동안 다리를 뻗을 수 있는 좋은 위치로 언급되었습니다., 즐거운 경험: 리뷰어는 센터를 이용한 경험을 매우 즐겁게 느꼈다고 했습니다., 정보 제공: 정보를 찾는 데 있어 최고의 장소로 추천되었습니다.
[단점] 특별히 언급된 단점이 없습니다. 리뷰는 전반적으로 긍정적입니다.
[핵심 키워드] 친절한 직원, 편리한 위치, 즐거운 경험, 정보 제공
[한줄 요약] Missouri Welcome Center는 친절한 직원과 편리한 위치로 여행자들에게 즐거운 경험을 제공하며, 정보를 찾는 데 있어 최고의 장소로 평가받습니다."
Taco Bell,Arrowhead Stadium,https://locations.tacobell.com/mo/kansas-city/4017-blue-ridge-cut-off.html?utm_source=yext&utm_campaign=yextpowerlistings&utm_medium=referral&utm_term=034383&utm_content=website&y_source=1_nje0mzc1oc03njktbg9jyxrpb24ud2vic2l0zq%3d%3d,https://www.tripadvisor.co.kr/Restaurant_Review-g44535-d4250009-Reviews-Taco_Bell-Kansas_City_Missouri.html?m=66827,"4017 Blue Ridge Cut-off, 캔자스시티, MO","캔자스시티의 1,533개의 맛집 중 481위","[관광지명] Taco Bell
[장점] 전형적인 Taco Bell 맛의 음식, 친절하고 정확한 서비스, 드라이브 스루를 통한 빠르고 정확한 주문, 저렴하고 편리한 식사 옵션, 신선한 재료와 건강한 선택지, 빠른 홀드 오버 간식, 편리한 위치
[단점] 서비스 속도가 느림, 직원들이 비활동적일 때 있음, 가격 책정이 다소 높음, 주문 오류 가능성
[핵심 키워드] Taco Bell, 음식, 서비스, 드라이브 스루, 가격, 친절, 느림, 편리함
[한줄 요약] Taco Bell은 전형적인 맛과 편리한 위치를 제공하지만, 서비스 속도와 가격 책정에 대한 불만이 있습니다."
Best Western Plus Kansas City Sports Complex Hotel,Arrowhead Stadium,,https://www.tripadvisor.co.kr/Hotel_Review-g44535-d18362691-Reviews-Best_Western_Plus_Kansas_City_Sports_Complex_Hotel-Kansas_City_Missouri.html?m=66827,"4011 Blue Ridge Cut Off, 캔자스시티, MO",78위 (130곳의 캔자스시티 소재 호텔 중),"[관광지명] Best Western Plus Kansas City Sports Complex Hotel
[장점] 카우프만 및 애로우헤드 경기장 근처 위치, 무료 및 풍부한 주차 공간, 편안한 킹 사이즈 침대, 최신 객실 비품 및 욕실 시설, 좋은 수압과 편안한 침대, 좋은 아침 식사 옵션, 경기장까지 도보로 5-10분 거리, 잘 청소된 방, 안전한 느낌, 인터스테이트/I-70 접근 용이
[단점] 외딴 곳에 위치, 경기장 이외의 장소로 이동 시 자동차 필요, 높은 가격 (특히 이벤트 기간), 히터 문제, 일반적인 아침 식사 메뉴, 호텔 레스토랑의 날짜가 지난 느낌
[핵심 키워드] 위치, 주차, 침대, 아침 식사, 가격, 안전, 접근성
[한줄 요약] 경기장 근처의 편리한 위치와 좋은 아침 식사, 안전한 느낌이 장점이지만, 높은 가격과 일반적인 아침 식사 메뉴, 히터 문제가 단점으로 지적됩니다."
Craft & Draft,Arrowhead Stadium,,https://www.tripadvisor.co.kr/Restaurant_Review-g44535-d8595971-Reviews-Craft_Draft-Kansas_City_Missouri.html?m=66827,"1 Royal Way Kauffman Stadium, 캔자스시티, MO","캔자스시티의 1,533개의 맛집 중 444위","[관광지명] Craft & Draft
[장점] 멋진 경기장 전망, 프리미엄 음식과 수제 맥주 제공, 훌륭한 웨이트리스 서비스, 편안하고 좋은 좌석, 다양한 음식과 음료 옵션, 오픈 에어 환경으로 경기장 느낌 유지, 다양한 맥주 선택, 피자가 맛있고 가격 대비 좋음, 좋은 전망과 그늘 제공, 독특한 메뉴와 다양한 맥주 선택
[단점] 음식과 맥주 주문 시 다른 곳으로 가야 함, 서버를 불러야 음식 주문 가능, 좌석이 한정되어 있어 일찍 가야 함
[핵심 키워드] 경기장, 프리미엄 음식, 수제 맥주, 웨이트리스 서비스, 편안한 좌석, 다양한 옵션, 오픈 에어, 맥주 선택, 피자, 전망
[한줄 요약] Craft & Draft는 경기장 내 멋진 전망과 함께 프리미엄 음식, 수제 맥주, 편안한 좌석, 다양한 옵션을 제공하며, 특히 피자와 맥주 선택이 뛰어나지만, 음식 주문 시 다른 곳으로 가야 하고 좌석이 한정되어 있어 일찍 가야 한다는 점이 있습니다."
Philadelphia Eagles Stadium Tour,Lincoln Financial Field,http://www.lincolnfinancialfield.com/stadiuminfo/stadiumtours.asp,https://www.tripadvisor.co.kr/Attraction_Review-g60795-d1924946-Reviews-Philadelphia_Eagles_Stadium_Tour-Philadelphia_Pennsylvania.html?m=66827,"1 Lincoln Financial Field Way, 필라델피아, PA",필라델피아에 있는 201곳 투어 중 59위,"[관광지명] Philadelphia Eagles Stadium Tour
[장점] 놀라운 직원들, 유익하고 전문적인 투어 가이드 (특히 Zach와 Cory), 포괄적인 투어 경험: 스위트 룸, 방송 부스, 프레스 박스, 인터뷰 룸, 라커룸, 롬바디 트로피, 필드로 나가는 터널 등, 재미있는 사실과 역사적인 정보 제공, 팀 역사와 슈퍼볼 추억으로 가득 찬 경기장, 경기장 내부의 독특한 경험 (예: 빛, 레이저, 음악이 연주되는 터널), 저렴한 가격, 이글스 팬에게 필수적인 경험
[단점] 음식과 음료 비용이 높음, 일부 투어에서 불필요한 사실에 초점 (예: 프리미엄 대합실), 경기장 내 게임 시 프로 샵 입장 제한
[핵심 키워드] 투어, 가이드, 이글스, 경기장, 경험, 역사, 슈퍼볼, 롬바디 트로피, 비용, 팬
[한줄 요약] Philadelphia Eagles Stadium Tour는 이글스 팬에게 필수적인 경험으로, 전문적이고 유익한 가이드와 함께 경기장의 모든 부분을 탐험할 수 있는 기회를 제공하지만, 음식과 음료 비용이 높고 일부 투어에서 불필요한 사실에 초점이 맞춰질 수 있습니다."
Victory Beer Hall at Xfinity Live!,Lincoln Financial Field,http://www.xfinitylive.com/eat-and-drink/victory-beer-hall,https://www.tripadvisor.co.kr/Restaurant_Review-g60795-d6591466-Reviews-Victory_Beer_Hall_at_Xfinity_Live-Philadelphia_Pennsylvania.html?m=66827,"1100 Pattison Avenue, 필라델피아, PA","필라델피아의 5,406개의 맛집 중 759위","[관광지명] Victory Beer Hall at Xfinity Live!
[장점] 음식과 음료를 먹기에 좋은 장소, 훌륭한 맥주 선택, 친절한 서비스, 음식이 맛있음 (핫윙, 구운 브뤼셀 콩나물 등), 맥주가 차갑고 맛있음, 감자튀김이 얇고 바삭하며 맛있음, 위치가 콘서트 전 식사에 좋음
[단점] 새로운 메뉴가 제한적이고 상상력이 없음, 일부 음식이 기대에 못 미치고 실망스러움 (가느다란 칠면조 샌드위치 등), 일부 맥주가 기대에 못 미침 (블루문 등), 일부 음식이 세척되지 않은 상태로 제공됨, 주차비가 비쌈 (특히 웰스 파고 센터 근처)
[핵심 키워드] 맥주, 음식, 서비스, 메뉴, 위치, 주차비
[한줄 요약] Victory Beer Hall at Xfinity Live!는 맥주와 음식 선택이 좋지만, 새로운 메뉴와 일부 음식의 질에 대한 불만이 있으며, 주차비가 비쌀 수 있습니다."
Xfinity Live!,Lincoln Financial Field,http://www.xfinitylive.com/dining/nbc-sports-arena,https://www.tripadvisor.co.kr/Restaurant_Review-g60795-d3163876-Reviews-Xfinity_Live-Philadelphia_Pennsylvania.html?m=66827,"1100 Pattison Ave, 필라델피아, PA","필라델피아의 5,406개의 맛집 중 1,365위","[관광지명] Xfinity Live!
[장점] 다양한 음식과 음료 선택 가능, 스포츠 경기를 관람할 수 있는 거대한 TV, 필리스 게임 후 애피타이저 1/2 할인 및 $3 맥주 거래, NBC 스포츠 아레나에서 즐거운 점심 식사 경험, 필라델피아 필리스 투어 후 친구들과 가족들과 즐거운 시간
[단점] 음식 주문한 것이 바(bar)에서 오래 기다려야 함, 음식이 식고 추가로 주문한 것이 빠짐, 웨이트리스 서비스가 최악이고 무례함, 가격이 매우 비쌈, 글루텐프리 메뉴에 대한 지식이 부족함, 일부 음식이 눅눅하고 맛이 없음
[핵심 키워드] 서비스, 음식, 가격, 스포츠, TV, 글루텐프리
[한줄 요약] Xfinity Live!는 다양한 음식과 스포츠 경기를 관람할 수 있는 활기찬 복합 시설이지만, 서비스와 음식 품질에 대한 불만이 있으며 가격이 비싸다는 점이 단점으로 지적됩니다."
PBR Philly,Lincoln Financial Field,https://www.facebook.com/PBRPhillyXL/,https://www.tripadvisor.co.kr/Restaurant_Review-g60795-d4820027-Reviews-PBR_Philly-Philadelphia_Pennsylvania.html?m=66827,"1100 Pattison Ave Xfinity Live!, 필라델피아, PA","필라델피아의 5,406개의 맛집 중 1,354위","[관광지명] PBR Philly
[장점] 다양한 인파와 충분한 직원, 신선한 음식과 좋은 선택의 메뉴, 친절한 직원과 세심한 서비스, 기계 황소를 타는 재미, 경기나 콘서트 전의 좋은 장소, 합리적인 가격의 음식, 친절한 직원과 빠른 서비스, 신선한 음식과 좋은 맛
[단점] 맛이 없는 음식 (특히 햄버거, 치킨, 나초), 높은 가격의 음료, 시끄러운 음악, 밋밋하고 품질이 낮은 칩과 소스, 서비스가 느림, 기계 황소의 안전 문제, 잘못된 주문과 불만족스러운 음식
[핵심 키워드] 음식, 서비스, 가격, 음악, 기계 황소, 직원, 맛, 신선함, 경기, 콘서트
[한줄 요약] PBR Philly는 경기나 콘서트 전의 좋은 장소로 신선한 음식과 친절한 직원이 있지만, 음식의 맛과 서비스의 불만족스러움, 높은 음료 가격 등의 문제가 있어 혼합된 평가를 받고 있습니다."
Broad Street Bullies Pub,Lincoln Financial Field,http://www.xfinitylive.com,https://www.tripadvisor.co.kr/Restaurant_Review-g60795-d3671793-Reviews-Broad_Street_Bullies_Pub-Philadelphia_Pennsylvania.html?m=66827,"1100 Pattison Ave, 필라델피아, PA","필라델피아의 5,406개의 맛집 중 1,040위","[관광지명] Broad Street Bullies Pub
[장점] **위치**: 필라델피아의 Arena/Stadium 구역에 있는 Xfinity live 단지 내의 좋은 위치, **음료 선택**: 탭에 있는/탭에서 벗어난 맥주/음료의 견고한 선택, **나초**: 나초는 멋지고 가격도 좋다, **서비스**: 콘서트 전 프로처럼 모든 걸 다 처리, 웨이트리스가 친절하고 빠르게 주문 받아서 다시 가져다 줌, **햄버거**: 햄버거는 뛰어났습니다!, **윙**: 윙은 거대해요(그러니 굶주린 게 아니면 20개는 주문하지 마세요), **스포츠 바**: 스포츠를 따라갈 수 있는 장소에 많은 TV가 있습니다
[단점] **테이블 서비스**: 테이블 서비스가 없음, **테이블과 의자**: 테이블은 믿을 수 없을 정도로 흔들리고 의자는 우리 아래에서 부서졌습니다, **음식 품질**: 음식은 거의 먹을 수 없고 프리미엄 가격이 부과됨, 메뉴가 한 페이지 미만으로 떨어짐 —-그리고 아주 좋은 음식이 아님, **음료 크기**: 음료 메뉴에는 좋은 음료가 있었지만 더 작은 크기를 제공하지 않음, **서비스 속도**: 직원들이 좀 더 빨리 움직일 수 있었음, **음료 맛**: 맥주가 이상한 맛이 나고 금속 맛이 났으며 이상한 냄새가 남, **음식 정확성**: 주문한 음식이 잘못 나옴, 예를 들어 햄버거가 없는 브리스킷 샌드위치, **음료 제공**: 커피를 주문했지만 결국 오지 않음
[핵심 키워드] 스포츠 바, 위치, 나초, 음료 선택, 윙, 서비스, 햄버거, 테이블 서비스, 테이블과 의자, 음식 품질, 음료 크기, 서비스 속도, 음료 맛, 음식 정확성, 음료 제공
[한줄 요약] Broad Street Bullies Pub은 필라델피아의 Arena/Stadium 구역에 위치한 스포츠 바로, 좋은 위치와 다양한 음료 선택, 맛있는 나초와 윙으로 유명하지만, 테이블 서비스의 부재와 음식 품질 문제로 인해 혼합된 평가를 받고 있습니다."
Herndon Home,Mercedes Benz Stadium,http://www.herndonhome.org/,https://www.tripadvisor.co.kr/Attraction_Review-g60898-d131018-Reviews-Herndon_Home-Atlanta_Georgia.html?m=66827,"587 University Pl NW, 애틀랜타, GA",애틀랜타에 있는 593곳 관광지 중 142위,"[관광지명] Herndon Home
[장점] 유익한 투어 경험, 전문적이고 친절한 투어 가이드, 역사적 가치와 교육적 내용, 아름다운 집 내부와 장식, 학생 할인 제공, 감동적이고 영감을 주는 이야기
[단점] 방문 시간 예약 및 입장 어려움, 위치의 지역이 낡음
[핵심 키워드] 역사적, 유익한, 투어, 전문적인, 아름다운, 감동적인, 영감을 주는
[한줄 요약] Herndon Home은 유익하고 감동적인 투어를 제공하며, 전문적인 가이드와 아름다운 내부 장식으로 방문객에게 깊은 인상을 주지만, 방문 시간 예약과 위치의 지역 상태에 대한 문제가 있습니다."
Starbucks,Mercedes Benz Stadium,http://www.starbucks.com/,https://www.tripadvisor.co.kr/Restaurant_Review-g60898-d4163236-Reviews-Starbucks-Atlanta_Georgia.html?m=66827,"285 International Rd., 애틀랜타, GA","애틀랜타의 4,011개의 맛집 중 1,772위","[관광지명] Starbucks
[장점] 좋은 커피와 음식: 다른 스타벅스와 마찬가지로 커피와 음식의 품질이 높다는 점이 자주 언급되었습니다., 친절한 직원: 특히 계산대에서 일하는 Nakia와 같은 직원들이 친절하다는 평가가 있습니다., 효과적인 매니저: 이곳의 매니저는 친절하고 효과적이라는 긍정적인 평가가 있습니다., 다양한 메뉴와 접근성: 다양한 아침 과자와 건강에도 좋은 메뉴가 준비되어 있으며, 접근성이 좋습니다., 기분 좋은 시작: 차이티라떼와 요거트 파르페 같은 메뉴가 기분 좋게 하루를 시작할 수 있게 해줍니다.
[단점] 직원의 서비스 불량: 일부 직원들이 훈련받지 않은 것처럼 서비스를 제공하며, 고객 서비스에 실망하는 경우가 있습니다., 포인트 시스템 문제: 포인트 시스템이 항상 작동하지 않는 문제가 있습니다.
[핵심 키워드] 커피, 음식, 친절, 서비스, 직원, 포인트, 접근성
[한줄 요약] Starbucks는 좋은 커피와 음식, 친절한 직원으로 유명하지만, 일부 직원의 서비스 불량과 포인트 시스템 문제가 있습니다. 전반적으로 품질 높은 서비스와 다양한 메뉴로 고객들에게 좋은 경험을 제공합니다."
State Farm Arena,Mercedes Benz Stadium,http://www.statefarmarena.com/,https://www.tripadvisor.co.kr/Attraction_Review-g60898-d108698-Reviews-State_Farm_Arena-Atlanta_Georgia.html?m=66827,"1 State Farm Drive, 애틀랜타, GA",애틀랜타에 있는 593곳 관광지 중 22위,"[관광지명] State Farm Arena
[장점] 잘 조직됨, 좋은 음향, 편안한 좌석, 효율적인 보안, 아름다운 시설, 높은 수준의 보안, 친절한 직원, 주요 호텔까지 도보 이동 가능, 끝없는 엔터테인먼트, 편리한 메트라 정류장, 잘 설계된 시설
[단점] 그저 그런 장소, 나쁜 줄, 작은 좌석, 팔걸이 없음, 비싼 음식 및 음료 가격, 주차 문제 (고가, 조명이 부족한 자갈 주차장), 주차비 비싸다, 티켓 시스템 느림, 수상한 동네 위치
[핵심 키워드] 장소, 조직, 음향, 좌석, 보안, 시설, 주차, 가격, 엔터테인먼트, 편리함
[한줄 요약] State Farm Arena는 잘 조직된 이벤트와 좋은 음향, 편안한 좌석으로 긍정적인 평가를 받았으나, 장소의 평범함, 작은 좌석, 비싼 가격, 주차 문제 등으로 인해 일부 부정적인 의견도 존재합니다."
Trader Vic's,Mercedes Benz Stadium,http://tradervicsatl.com/?y_source=1_mjy1odkzmjctnzy5lwxvy2f0aw9ulndlynnpdgu%3d,https://www.tripadvisor.co.kr/Restaurant_Review-g60898-d435271-Reviews-Trader_Vic_s-Atlanta_Georgia.html?m=66827,"255 Courtland St Ne Hilton Atlanta, 애틀랜타, GA","애틀랜타의 4,011개의 맛집 중 1위","[관광지명] Trader Vic's
[장점] **분위기**: 완벽하고, 재미있으며, 폴리네시아의 열병 같은 꿈 같은 분위기, **음료**: 훌륭하고, 위험할 정도로 매력적인 칵테일, **음식**: 맛있고, 일품이며, 환상적인 메뉴 (갈비, 개구리 다리, 쇠고기 및 리프, 볶음밥, 볶음밥 등), **서비스**: 친절하고, 사교적이며, 세심하고, 최고 수준의 서비스, **서버**: 탁월한 서버들 (Shetu, Sam, Chryslin, Tempeest, Samantha 등), **테마**: 진정한 Mai Tai 올드 스타일과 티키 팬들을 위한 유명한 장소
[단점] (특별한 단점은 언급되지 않음)
[핵심 키워드] 분위기, 음료, 음식, 서비스, 서버, 테마
[한줄 요약] Trader Vic's는 완벽한 분위기, 훌륭한 음료와 음식, 탁월한 서비스를 제공하는 티키 팬들을 위한 진정한 명소입니다. 서버들의 친절함과 세심한 서비스가 경험을 더욱 풍성하게 만듭니다."
Calder Casino,Hard Rock Stadium,http://www.caldercasino.com/,https://www.tripadvisor.co.kr/Attraction_Review-g34440-d561691-Reviews-Calder_Casino-Miami_Gardens_Florida.html?m=66827,"21001 NW 27th Ave, 마이애미 가든, FL",마이애미 가든에 있는 19곳 관광지 중 6위,"[관광지명] Calder Casino
[장점] 기계가 청소되어 있고 더 새롭고 독특한 기계가 있음, 경기장 근처에 위치하여 접근성이 좋음
[단점] 돈 잃는 경험이 많음, 냄새가 나고 청결 상태가 좋지 않음, 보안이 불량하고 무례한 행동을 보임, 주차 문제가 발생함, 기계 오작동 및 불공정한 게임 환경
[핵심 키워드] 돈 잃음, 냄새, 청결, 보안, 주차, 기계 오작동, 무례함
[한줄 요약] Calder Casino는 돈 잃는 경험과 불쾌한 환경, 불량한 보안 및 주차 문제로 인해 부정적인 평가를 받고 있습니다."
Sun Life Stadium,Hard Rock Stadium,http://hardrockstadium.com,https://www.tripadvisor.co.kr/Attraction_Review-g34440-d2250344-Reviews-Sun_Life_Stadium-Miami_Gardens_Florida.html?m=66827,"2269 NW 199th St, 마이애미 가든, FL",마이애미 가든에 있는 19곳 관광지 중 1위,"[관광지명] Sun Life Stadium
[장점] 새 경기장의 멋진 시설, 클럽 레벨의 훌륭한 혜택 (푹신한 좌석, 에어컨이 설치된 콘코스, 많은 매점), 개폐 지붕이 있는 시설, 경기장으로 인도하는 새로운 보도, 가족과 함께 즐길 수 있는 장소
[단점] 팀이 지는 경기 관람의 불만족, 음식 및 음료의 높은 가격, 경기장 출구의 혼란스러운 교통 관리, 주차장의 안내 표지판 부족, 사운드 시스템의 품질 문제
[핵심 키워드] 새 경기장, 클럽 레벨, 시설, 개폐 지붕, 가족, 높은 가격, 출구 교통, 주차장, 사운드 시스템
[한줄 요약] Sun Life Stadium은 새롭고 멋진 시설과 클럽 레벨의 혜택을 제공하지만, 팀의 패배, 높은 가격, 출구 교통 및 사운드 시스템 문제로 인해 일부 사용자에게는 불만족스러운 경험을 줄 수 있습니다."
Sun Life Stadium,Hard Rock Stadium,,https://www.tripadvisor.co.kr/Attraction_Review-g34440-d8145848-Reviews-Sun_Life_Stadium-Miami_Gardens_Florida.html?m=66827,"347 Don Shula Dr, 마이애미 가든, FL",마이애미 가든에 있는 19곳 관광지 중 4위,"[관광지명] Sun Life Stadium
[장점] 지붕 설치로 비와 햇빛 보호, 좌석 커버 지붕 설치, 고속 무빙워크와 엘리베이터 설치, 훌륭한 레스토랑 및 칵테일 라운지, 정식 크기의 수영장, 대형 매장 추가, 새로운 이름 HARD ROCK STADIUM에 걸맞은 훌륭한 장소
[단점] 반 열대성 기후로 습도와 온도 높음, 여름과 가을 허리케인 시즌 동안 폭우 가능성, 운동장은 개방된 상태로 두어 낮 경기 시 뜨거운 태양 노출
[핵심 키워드] 마이애미, Hard Rock Stadium, Sun Life Stadium, 지붕, 좌석, 레스토랑, 수영장, 교통, 경기장
[한줄 요약] Sun Life Stadium은 최근 개조를 통해 지붕 설치, 좌석 커버, 고속 무빙워크 및 엘리베이터 설치 등 팬 경험을 크게 개선했으며, 훌륭한 레스토랑과 수영장 등 다양한 시설을 갖추고 있습니다. 그러나 반 열대성 기후로 인해 습도와 온도가 높을 수 있으며, 여름과 가을 허리케인 시즌 동안 폭우가 내릴 수 있습니다."
Sonic Drive-In,Hard Rock Stadium,https://locations.sonicdrivein.com/fl/miami-gardens/2660-nw-199th-street.html,https://www.tripadvisor.co.kr/Restaurant_Review-g34440-d7086054-Reviews-Sonic_Drive_In-Miami_Gardens_Florida.html?m=66827,"2660 Nw 199th Street, 마이애미 가든, FL",마이애미 가든의 104개의 맛집 중 28위,"[관광지명] Sonic Drive-In
[장점] 흥미로운 위치 (경기장 건너편 월마트 주차장), 효율적인 서비스, 훌륭한 음식 품질, 다양한 메뉴 (버거, 샌드위치, 밀크 쉐이크, 소다수), 고속도로 근처에 위치하여 접근성이 좋음, 빠른 음식 제공, 청결한 환경, 드라이브 스루 및 셀프 주문 가능, 특별한 테마 (해변 테마 테이블, 스케이트를 신고 일하는 직원), 슬러시 반값 해피아워, 마케팅 컨셉 (온라인 설문조사 후 무료 음료 제공)
[단점] 차가운 음식, 눅눅한 감자튀김, 바삭한 치킨 샌드위치가 오래되어 보임, 최악인 서비스, 주문 오류가 자주 발생, 음식이 대충 만들어짐, 판매세 부풀리기, 드라이브 스루가 느릴 수 있음, 음악이 너무 큼
[핵심 키워드] 위치, 서비스, 음식 품질, 메뉴 다양성, 접근성, 청결, 테마, 해피아워, 마케팅
[한줄 요약] Sonic Drive-In은 흥미로운 위치와 다양한 메뉴, 효율적인 서비스로 장점이 있으나, 서비스 품질과 음식의 신선도에 대한 불만이 있으며, 일부 지점에서는 판매세 부풀리기와 같은 문제가 지적됨."
New Meadowlands Market,MetLife Stadium,http://newmeadowlandsmarket.com/,https://www.tripadvisor.co.kr/Attraction_Review-g46404-d2547526-Reviews-New_Meadowlands_Market-East_Rutherford_New_Jersey.html?m=66827,"50 State Rt 120 Lot J, 이스트 러더퍼드, NJ",이스트 러더퍼드에 있는 17곳 관광지 중 6위,"[관광지명] New Meadowlands Market
[장점] 다양한 상품 (merchandise), 훌륭한 음식 (훌륭한 음식 옵션), 많은 거래 및 저렴한 가격, 무료 주차 및 입장, 다양한 상품 범위 (Toys, 옷, 신발, 가정용품, 전자제품 등), 아름다운 작은 도시 환경
[단점] 낮은 품질의 상품 (낮은 급의 상품), 상품 다양성 부족, 혼잡한 레이아웃, 무관심한 관리, 요소에 따른 불편함 (바깥에 위치)
[핵심 키워드] 벼룩 시장, 다양한 상품, 훌륭한 음식, 많은 거래, 무료 주차, 낮은 품질, 혼잡한 레이아웃, 무관심한 관리
[한줄 요약] New Meadowlands Market은 다양한 상품과 훌륭한 음식 옵션을 제공하는 큰 벼룩 시장이지만, 상품의 품질과 다양성, 관리 상태에 대한 불만이 있습니다."
SpringHill Suites East Rutherford Meadowlands/Carlstadt,MetLife Stadium,,https://www.tripadvisor.co.kr/Hotel_Review-g46344-d21511699-Reviews-SpringHill_Suites_East_Rutherford_Meadowlands_Carlstadt-Carlstadt_New_Jersey.html?m=66827,"192 Paterson Plank Road, 칼슈타트, NJ",3위 (4곳의 칼슈타트 소재 호텔 중),"[관광지명] SpringHill Suites East Rutherford Meadowlands/Carlstadt
[장점] Met Life Stadium에 편리함, 방이 편안하고 깨끗함, 직원들이 친절함, 메도우랜드 및 아메리칸 드림 몰과 근접한 위치, 정말 깨끗함, 재미있는 객실 디자인, 조식이 좋음, 맨하탄과 가까움, 호텔이 깨끗하고 매력적임, 객실엔 카펫이 없음
[단점] 매니저와 프론트 데스크가 무례함, 직원들이 무례하고 수용적이지 않음, 고객 서비스가 나쁨, 조기 체크인 요청이 보장되지 않음, 방 준비가 늦어짐, 베개가 납작함, 타올이 얇음, Game Day 아침 식사가 혼잡하고 더러움, 아침 식사 공간이 혼잡하고 비좁음, 아침 식사 음식 양이 적음, 아침 식사 시간 창이 좁음, 수영장 시간이 제한적임, 도시 전망이 약속대로 제공되지 않음
[핵심 키워드] 무례한 직원, 고객 서비스, 조기 체크인, 방 준비, 베개, 타올, 아침 식사, 혼잡, 비좁음, 제한적
[한줄 요약] SpringHill Suites East Rutherford Meadowlands/Carlstadt는 Met Life Stadium에 가까워 편리하지만, 무례한 직원과 나쁜 고객 서비스, 방 준비 문제, 아침 식사의 혼잡과 비좁음 등 여러 단점이 있어 전반적인 경험이 좋지 않았습니다."
Meadowlands Racing & Entertainment,MetLife Stadium,https://www.facebook.com/meadowlandsracetrack/,https://www.tripadvisor.co.kr/Attraction_Review-g46404-d6966723-Reviews-Meadowlands_Racing_Entertainment-East_Rutherford_New_Jersey.html?m=66827,"1 Racetrack Dr, 이스트 러더퍼드, NJ",이스트 러더퍼드에 있는 17곳 관광지 중 3위,"[관광지명] Meadowlands Racing & Entertainment
[장점] 음식의 맛과 신선함: 뷔페 음식이 맛있고 신선하며, 특히 안심 스테이크(prime rib)와 치킨 요리, 해산물 모듬 등이 인기가 높았습니다., 테이블에서의 전망: 테이블에서 트랙의 전망을 볼 수 있으며, 식사를 마치면 창가 좌석을 이용할 수 있습니다., 베팅의 편리함: 레스토랑 내 베팅 창구가 있어 빠르고 편리하게 베팅할 수 있습니다., 경마 경험: 하네스 경주를 좋아하는 사람들에게는 에너지와 수준의 클래스가 있는 경마장으로 평가받습니다., 엔터테인먼트: 엘비스의 밤 쇼가 훌륭하며, Daschund Races, 무료 맥주, 달러 도그 등의 이벤트가 있습니다.
[단점] 가격: 식사가 비싼 편으로, 보통 $49.99이며, 특히 외부 텐트 경험은 $63로 비싸다고 느껴집니다., 서비스 속도: 서빙하는 분이 한 분뿐이라 서비스가 느릴 수 있습니다., 인력의 부족: 2층 레스토랑에서 서버가 부족하여 서비스가 불편할 수 있습니다., 창구 부족: 베팅을 위한 창구가 충분하지 않아 불편함을 초래합니다., 시설 관리: 시설 관리와 직원 상호작용이 부족하여 전반적인 경험이 떨어질 수 있습니다.
[핵심 키워드] 음식, 뷔페, 경마, 서비스, 가격, 베팅, 엔터테인먼트, 시설
[한줄 요약] Meadowlands Racing & Entertainment는 맛있는 뷔페와 경마 경험으로 유명하지만, 가격과 서비스 속도, 시설 관리 등의 문제로 인해 전반적인 경험이 혼합된 평가를 받고 있습니다."
Victory Sports Bar,MetLife Stadium,http://meadowlandsracetrack.com/dining.aspx?id=12071,https://www.tripadvisor.co.kr/Attraction_Review-g46404-d6802741-Reviews-Victory_Sports_Bar-East_Rutherford_New_Jersey.html?m=66827,"1 Racetrack Dr Located Within the Meadowlands Racetrack, 이스트 러더퍼드, NJ",이스트 러더퍼드에 있는 3곳 밤문화 중 2위,"[관광지명] Victory Sports Bar
[장점] 바 서비스 좋음, 웨이터와 웨이트리스 친절, 시저 샐러드, 모짜렐라 오버 토마토, 고구마 튀김 맛있음, 레이아웃 훌륭함, 넓은 공간과 편안한 의자, 좋은 엔터테인먼트, 경주를 볼 수 있는 TV 많음, 옥상 경험 가능, 직원 서비스 좋음, 아름다운 뉴욕 전망, 매니저의 친절함 (무료 음료 쿠폰 제공), 친절하고 도움이 되는 웨이터, 음식 맛있음, 경주 재미있음, 서두르지 않음, 매우 편안함
[단점] 슬라이더 (버팔로 치킨과 크랩 케이크) 맛이 좋지 않음, 오래된 맛과 강한 맛, 도움 받기 어려움, 무례하고 관심 없는 서비스, 봉사 받기 어려움, 음식이 오래 걸림, 음식이 차갑고 형편 없음, 웨이트리스의 불량한 서비스, 정체성의 혼란 (스포츠 바, 나이트클럽, 레스토랑의 혼합), 완전히 갖춰진 바가 아님
[핵심 키워드] 친절, 레이아웃, 음식, 서비스, 경마, 옥상, 전망, 나이트클럽, 정체성, 바
[한줄 요약] Victory Sports Bar는 친절한 서비스와 좋은 레이아웃, 경마를 즐길 수 있는 장소이지만, 서비스의 불량함과 음식의 품질 문제로 인해 혼합된 평가를 받고 있습니다."
Pink,MetLife Stadium,http://www.thebigm.com/dining.aspx?id=1282,https://www.tripadvisor.co.kr/Restaurant_Review-g46404-d5561993-Reviews-Pink-East_Rutherford_New_Jersey.html?m=66827,"50 State Rt 120, 이스트 러더퍼드, NJ",이스트 러더퍼드의 84개의 맛집 중 32위,"[관광지명] Pink
[장점] 훌륭한 서비스: 여러 리뷰에서 Pink의 서비스가 훌륭하다고 언급되었습니다., 맛있는 음식: 음식의 맛이 좋다는 평가가 자주 나타납니다., 경마장 전망: 식사 테이블에서 경마장을 볼 수 있는 장점이 있습니다., 특별한 요리: 특정 고객의 요구에 맞춰 특별한 요리를 준비해 주는 점이 칭찬받았습니다., 디저트: 디저트가 맛있다는 평가가 있습니다.
[단점] 가격 대비 가치: 가격에 비해 음식의 품질이나 선택의 폭이 제한적이라는 의견이 있습니다., 음식의 다양성 부족: 메뉴의 선택이 제한적이라는 비판이 있습니다., 음식의 온도: 음식이 이상적인 온도에 도착하지 않는다는 불만이 있었습니다., 디저트의 품질: 일부 리뷰에서는 디저트가 나쁘다고 평가했습니다.
[핵심 키워드] 서비스, 음식, 경마장, 특별한 요리, 디저트, 가격, 다양성
[한줄 요약] Pink는 훌륭한 서비스와 맛있는 음식으로 유명하지만, 가격 대비 가치와 음식의 다양성에 대한 불만이 있으며, 디저트의 품질에 대한 평가가 분분합니다."
질레트 스타디움,Gillette Stadium,https://www.gillettestadium.com/,https://www.tripadvisor.co.kr/Attraction_Review-g41573-d631090-Reviews-Gillette_Stadium-Foxborough_Massachusetts.html?m=66827,"1 Patriot Place, 폭스보로, MA",폭스보로에 있는 14곳 관광지 중 2위,"[관광지명] 질레트 스타디움
[장점] 거대한 쇼핑/식당 단지, Lighthouse 전망대, 사운드 품질, 프로 가게와 패트리어츠 명예의 전당, 경기장 분위기
[단점] 도시 외곽 위치, 스타디움 투어 없음, 바람이 많이 부는 Lighthouse 전망대, 주차 문제 (교통 체증, 비싼 가격), 일부 좌석에서의 시야 제한, 주차 경험의 불편함
[핵심 키워드] 스타디움, 주차, 테일게이트, 전망대, 사운드, 프로 가게, 명예의 전당, 바람, 시야, 교통 체증
[한줄 요약] 질레트 스타디움은 거대한 쇼핑/식당 단지와 멋진 전망대를 제공하지만, 도시 외곽 위치와 심각한 주차 문제로 인해 방문 경험이 복잡할 수 있습니다."
Papa Gino's (Rte 1),Gillette Stadium,https://order.papaginos.com/1166/foxboro-north-st-papa-ginos--dangelo?utm_source=yext&utm_medium=local&utm_campaign=listings&utm_content=website,https://www.tripadvisor.co.kr/Restaurant_Review-g41573-d3372582-Reviews-Papa_Gino_s_Rte_1-Foxborough_Massachusetts.html?m=66827,"211 North Street Ste 1, 폭스보로, MA",폭스보로의 78개의 맛집 중 32위,"[관광지명] Papa Gino's (Rte 1)
[장점] 빠른 배달 및 신선한 음식, 친절한 직원 및 배달원, 깨끗한 시설, 좋은 서비스, 맛있는 피자 및 파스타 & 미트볼, 직원들이 즉흥적으로 청소를 도와주는 등 프로페셔널한 태도
[단점] 에어컨 고장, 더운 환경, 미리 만들어진 음식, 오븐에 들어가지 않은 음식, 서브가 작고 덜 채워진 느낌
[핵심 키워드] 빠른 배달, 신선한 음식, 친절한 직원, 깨끗한 시설, 좋은 서비스, 맛있는 피자, 미리 만들어진 음식, 에어컨 고장, 더운 환경
[한줄 요약] Papa Gino's (Rte 1)는 빠른 배달과 친절한 서비스로 유명하지만, 에어컨 문제와 미리 만들어진 음식에 대한 불만이 있습니다. 음식의 맛과 서비스는 대체로 긍정적이지만, 환경 개선이 필요할 수 있습니다."
D'Angelo Grilled Sandwiches,Gillette Stadium,https://locations.dangelos.com/ma/foxboro/211-north-street.html,https://www.tripadvisor.co.kr/Restaurant_Review-g41573-d3389172-Reviews-D_Angelo_Grilled_Sandwiches-Foxborough_Massachusetts.html?m=66827,"211 North St, 폭스보로, MA",폭스보로의 78개의 맛집 중 35위,"[관광지명] D'Angelo Grilled Sandwiches
[장점] 맛있는 샌드위치와 훌륭한 빵, 주문에 따라 맞춤 제작 가능, 신선한 고기와 야채 사용, 빠른 서비스와 친절한 직원, 훌륭한 위치 (길렛 스타디움 근처), 훌륭한 ""패스트 푸드"" 가격 대비 가치, 랍스터 비스크가 맛있음, 청결하고 빠른 서비스
[단점] 서비스가 느릴 수 있음, 토핑이 적을 수 있음, 일부 위치에서는 서비스 문제가 있을 수 있음, 랍스터 롤의 품질이 일관되지 않을 수 있음, 청결 문제가 있을 수 있음
[핵심 키워드] 맛, 서비스, 위치, 청결, 가격, 토핑, 랍스터 비스크
[한줄 요약] D'Angelo Grilled Sandwiches는 맛있는 샌드위치와 훌륭한 빵으로 유명하며, 주문 맞춤이 가능하고, 훌륭한 위치와 가격 대비 가치를 제공하지만, 서비스 속도와 일부 위치에서의 청결 문제가 단점으로 지적됩니다."
Home2 Suites by Hilton Walpole Foxboro,Gillette Stadium,,https://www.tripadvisor.co.kr/Hotel_Review-g41879-d13877701-Reviews-Home2_Suites_by_Hilton_Walpole_Foxboro-Walpole_Massachusetts.html?m=66827,"2375 Boston Providence Highway, 월폴, MA",2위 (3곳의 월폴 소재 호텔 중),"[관광지명] Home2 Suites by Hilton Walpole Foxboro
[장점] 깨끗한 객실 및 시설, 넓은 객실 공간과 주방 시설, 편안한 침대, 빠른 엘리베이터 및 좋은 인터넷 연결, 넓은 로비와 편리한 아침 식사 공간, 친절한 직원, 특히 프론트 데스크의 SAM과 Paul, Tommy, 무료 아침 식사 및 현장 세탁 시설, 멋진 수영장과 운동 시설, 편리한 위치 및 주변 시설 (주유소, 던킨 도너츠, 식당 등), 조용한 분위기와 도움이 되는 직원
[단점] 특별히 언급된 단점이 없음
[핵심 키워드] 깨끗함, 넓음, 친절함, 편리함, 아침 식사, 수영장, 운동 시설
[한줄 요약] Home2 Suites by Hilton Walpole Foxboro는 깨끗한 객실, 넓은 공간, 친절한 직원, 편리한 시설로 인해 매우 높은 만족도를 제공하는 호텔입니다."
Gaard Motel,Gillette Stadium,,https://www.tripadvisor.co.kr/Hotel_Review-g41573-d12857351-Reviews-Gaard_Motel-Foxborough_Massachusetts.html?m=66827,"8 Washington St, 폭스보로, MA",3위 (4곳의 폭스보로 소재 모텔 / 비엔비 중),"[관광지명] Gaard Motel
[장점] 방이 넓다, 욕실이 새 것이고 청결하다, 주인이 친절하다
[단점] 장기 투숙객들이 방 앞에서 담배를 피운다, 수건의 질이 좋지 않다, 방이 오래되고 더러움, 담배 냄새가 심하다, 시트와 베개에 얼룩이 있다, 침대벌레에 대한 우려가 있다, TV에 카메라로 보이는 물건이 붙어 있었다, 안전에 대한 우려가 있다 (담배 피우는 수상한 사람들, 구급차 자주 드나듦), 방값이 비싸다
[핵심 키워드] 더러움, 담배 냄새, 얼룩, 안전, 친절, 넓음, 새 욕실
[한줄 요약] Gaard Motel은 넓은 방과 친절한 주인으로 장점이 있지만, 더러움, 담배 냄새, 안전에 대한 우려 등으로 인해 전반적으로 매우 부정적인 평가를 받고 있습니다."
McDonald's,Gillette Stadium,http://www.mcdonalds.com/usa.html,https://www.tripadvisor.co.kr/Restaurant_Review-g41573-d4228017-Reviews-McDonald_s-Foxborough_Massachusetts.html?m=66827,"1 Patriot Pl, 폭스보로, MA",폭스보로의 78개의 맛집 중 40위,"[관광지명] McDonald's
[장점] 이동 중 식사, 미국을 대표하는 패스트푸드, 평균보다 나은 인사, 샌드위치는 주문대로 준비, 소다 기계가 잘 작동, 장소가 일반적으로 깨끗, 직원분들이 친절, 신선한 음식 제공
[단점] 음식이 차가울 수 있음, 신선하지 않은 음식 제공, 가격이 비쌈, 질이 별로임
[핵심 키워드] 패스트푸드, 친절, 신선, 가격, 질
[한줄 요약] McDonald's는 이동 중 식사로 편리하며 친절한 직원과 신선한 음식을 제공하는 장점이 있지만, 음식이 차가울 수 있고 가격이 비쌀 수 있으며 질이 떨어질 수 있는 단점이 있습니다."
SR Hotel,Estadio Akron,,https://www.tripadvisor.co.kr/Hotel_Review-g1006488-d8519012-Reviews-SR_Hotel-Zapopan_Guadalajara_Metropolitan_Area.html?m=66827,"Periferico Poniente No. 7306 Int 5 Col. Manuel Gómez Morin, 사포판 멕시코",17위 (47곳의 사포판 소재 호텔 중),"[관광지명] SR Hotel
[장점] 직원들의 친절한 서비스와 프로페셔널한 대응, 깨끗한 객실 상태, 편리한 위치 및 접근성 (지하철, 커피숍, 대학 등), 무료 주차 공간 제공, 무균상태처럼 깨끗한 환경, 효율적인 운영
[단점] 제한된 음식 옵션 (OXXO 편의점, 타코 가판대 등), 호텔 내 레스토랑 품질 미확인, 공항 이동 시 교통 체증 가능성, 엘리베이터 작동 문제 (6층 걸어서 올라가야 함), 이름 묻기 전에 예약 번호 요구 (모욕적), 작은 객실 공간, 식사 옵션 제한 (노점상, 오소 정크 푸드), 요금 20% 인상
[핵심 키워드] 친절한 직원, 깨끗한 객실, 제한된 음식, 교통 체증, 엘리베이터 문제, 작은 객실, 요금 인상
[한줄 요약] SR Hotel은 친절한 서비스와 깨끗한 환경으로 기본 이상의 만족도를 제공하지만, 제한된 음식 옵션과 교통 체증, 객실 공간 등의 문제로 인해 완벽한 선택은 아님."
원 과달라하라 페리페리코 포니엔테,Estadio Akron,,https://www.tripadvisor.co.kr/Hotel_Review-g1006488-d6463335-Reviews-One_Guadalajara_Periferico_Poniente-Zapopan_Guadalajara_Metropolitan_Area.html?m=66827,"Av. Periferico Poniente # 7306 Fracc. Ciudad Granja, 사포판 멕시코",6위 (47곳의 사포판 소재 호텔 중),"[관광지명] 원 과달라하라 페리페리코 포니엔테
[장점] 직원들이 친절하다., 아침 식사가 훌륭하다., 방이 깨끗하다., 위치가 좋다., 서비스가 훌륭하다., 프론트 데스크 직원이 항상 미소로 대한다., 고속도로 바로 옆, 미니멀한 스타일., 개별 방의 공간이 훌륭하다., 청소 서비스가 좋다., 고속도로 Manuel Gomez Morin (페리페리코)에 있어서 빠른 접근이 가능하다., 갈레리아스 쇼핑몰과 가까워 좋은 음식, 쇼핑, 영화관 등 다양한 선택이 가능하다., 방음 문제가 없다., 유럽인들에게 좋다., 호텔 주변에 상점, 이발소, 좋은 바가 있다., 아침 식사로 훌륭한 멕시코 뷔페가 제공된다., 리셉션 직원들이 매우 친절하다., 매일 다른 메뉴로 제공되는 좋은 멕시코식 아침 식사가 있다., 방이 깨끗하고 구비시설이 잘 되어있다., 프론트 데스크 직원이 항상 미소로 대한다., 아주 조용한 휴식 장소., 훌륭한 위치, 사방으로 빠른 길., 고속도로 바로 옆, 미니멀한 스타일., 개별 방의 공간이 훌륭하다., 청소 서비스도 좋다.
[단점] 방이 매우 작고 깨끗하지 않다., 방마다 Ironbox같은 기본 시설이 없다., 직원들이 손님을 도울 의사가 없다., 에어컨이 거의 작동하지 않는다., 방이 작고, 침대가 매우 불편하다., 직원들이 매우 무례하고 불손하다., 공유 주차장이 있어 주차 공간을 찾는 데 시간이 걸린다., 취소할 수도 있는 관리자나 인사와 의사 소통이 없다., 체크인이 느리고 요청이 거절된다., 방에 푹신한 베개가 두 개밖에 없다., 방음이 엉망이다., 화장실이 매우 지저분하다., 수건이 달러 상점에서 파는 것이다., 고속도로와 매우 가까워 조금 시끄럽다., 건물 떨림이 조금 있다., 방 열쇠가 거의 매일 무용지물이 되곤 한다., 프론트 데스크 직원이 무례하다., 뷔페가 괜찮지만 다시 구석 구석의 음식이 맛있는 사람이 뷔페를 원하는 이유는 없다.
[핵심 키워드] 친절, 조식, 작음, 깨끗하지 않음, 불편함, 무례함, 불손함, 주차, 체크인, 방음, 화장실, 수건, 시끄러움, 떨림, 열쇠, 뷔페
[한줄 요약] 원 과달라하라 페리페리코 포니엔테는 친절한 직원과 좋은 위치, 훌륭한 아침 식사로 평가받지만, 방의 크기와 청결도, 직원들의 무례함, 체크인 문제 등으로 인해 혼합된 평가를 받고 있습니다."
Sushi Itto,Estadio Azteca,http://www.sushi-itto.com.mx,https://www.tripadvisor.co.kr/Restaurant_Review-g150800-d3381846-Reviews-Sushi_Itto-Mexico_City_Central_Mexico_and_Gulf_Coast.html?m=66827,"Av. Acoxpa Plaza Paseo Acoxpa Local R03, 멕시코시티 멕시코","멕시코시티의 9,464개의 맛집 중 5,095위","[관광지명] Sushi Itto
[장점] **친절한 서비스**: 직원들은 항상 친절하고 도움이 됩니다., **훌륭한 음식 품질**: 음식은 훌륭하고 주문 즉시 만들어집니다., **공정한 가격**: 가격은 공정하고, 특히 저녁 6시 이후에는 롤을 2개에 1개 가격으로 제공합니다., **다양한 메뉴 옵션**: 다양한 종류의 스시롤과 일식을 변형한 콤보 메뉴를 제공합니다., **편리한 위치**: 멕시코시티 곳곳에 다양한 지점이 있어 접근성이 좋습니다., **색다른 메뉴**: 멕시코를 접목시킨 재해석된 스시를 먹을 수 있습니다., **신선한 주문 제작**: 10조각의 모든 쟁반이 주문 제작으로 신선하게 만들어집니다.
[단점] **식중독 위험**: 현지 물로 씻은 생선초밥은 관광객에게 위험할 수 있습니다., **채식주의 옵션 부족**: 채식주의자를 위한 옵션이 제한적입니다., **가격 대비 품질**: 일부 리뷰에서는 가격에 비해 음식의 품질이 평균적이라고 평가합니다., **서비스 오류**: 과다 청구와 같은 서비스 오류가 발생할 수 있습니다.
[핵심 키워드] 친절한 서비스, 훌륭한 음식, 공정한 가격, 다양한 메뉴, 편리한 위치, 색다른 메뉴, 신선한 주문 제작, 식중독 위험, 채식주의 옵션 부족, 가격 대비 품질, 서비스 오류
[한줄 요약] Sushi Itto는 멕시코시티에서 친절한 서비스와 훌륭한 음식 품질로 유명하며, 다양한 메뉴와 편리한 위치를 자랑하지만, 식중독 위험과 가격 대비 품질에 대한 우려가 있습니다."
Casa Don Carlos,Estadio Azteca,,https://www.tripadvisor.co.kr/Restaurant_Review-g150800-d13236045-Reviews-Casa_Don_Carlos-Mexico_City_Central_Mexico_and_Gulf_Coast.html?m=66827,"Calle San Gabriel 65 Pedregal de Sta Úrsula, 멕시코시티 멕시코","멕시코시티의 9,464개의 맛집 중 2,582위","[관광지명] Casa Don Carlos
[장점] 바바코아 히달고 스타일의 최고의 장소, 맛있는 음식, 좋은 살사, 뛰어난 서비스, 지역 음식의 진정한 맛, ""consome""과 ""타코 데 바바 코아"" 추천, 토요일과 일요일에 완벽한 아침 식사
[단점] 리뷰에서 명시된 단점이 없음
[핵심 키워드] 바바코아, 히달고 스타일, 맛있는, 살사, 서비스, 지역 음식, consome, 타코 데 바바 코아, 아침 식사
[한줄 요약] Casa Don Carlos는 바바코아 히달고 스타일로 유명한 곳으로, 맛있는 음식, 뛰어난 서비스, 진정한 지역 맛을 제공하며 특히 ""consome""과 ""타코 데 바바 코아""가 추천되며, 토요일과 일요일에는 완벽한 아침 식사를 즐길 수 있습니다."
Streamline Guiding,BC Place,http://www.fishinginvancouver.ca/blog/vancouver-fishing-report-for-july-5th/,https://www.tripadvisor.co.kr/Attraction_Review-g154943-d2202659-Reviews-Streamline_Guiding-Vancouver_British_Columbia.html?m=66827,"750 Pacific Blvd, 밴쿠버 브리티시컬럼비아 캐나다",밴쿠버에 있는 102곳 보트 투어 / 수상 스포츠 중 71위,"[관광지명] Streamline Guiding
[장점] **흥미진진한 경험**: 리뷰어는 ""exciting fun filled day""라고 표현하여, 가이드와 함께한 낚시 여행이 매우 재미있고 흥미로웠다고 평가했습니다., **전문적인 가이드**: Braeden은 ""훌륭한 가이드""로 묘사되며, 물고기가 있는 곳을 정확히 알고 있어 성공적인 낚시를 도왔다고 합니다.
[단점] (특별한 단점이 언급되지 않았습니다.)
[핵심 키워드] 흥미진진한, 훌륭한 가이드, 철갑상어 낚시
[한줄 요약] Streamline Guiding은 전문적인 가이드와 함께 흥미진진한 철갑상어 낚시를 즐길 수 있는 훌륭한 서비스입니다."
BC Sports Hall of Fame,BC Place,http://bcsportshall.com/,https://www.tripadvisor.co.kr/Attraction_Review-g154943-d184084-Reviews-BC_Sports_Hall_of_Fame-Vancouver_British_Columbia.html?m=66827,"777 Pacific Blvd Gate A Of Bc Place, 밴쿠버 브리티시컬럼비아 캐나다",밴쿠버에 있는 618곳 관광지 중 86위,"[관광지명] BC Sports Hall of Fame
[장점] 다양한 전시물: 올림픽 관련 전시물과 2010년 동계 올림픽 기념품, 인터랙티브한 방, 작은 갤러리 등 다양한 전시물이 있습니다., 인터랙티브한 경험: 버블 하키, 로프 클라이밍, 달리기 기록 측정 등 다양한 스포츠 활동을 체험할 수 있습니다., 역사적 가치: 브리티시 컬럼비아의 스포츠 역사와 유명한 선수들의 이야기가 잘 정리되어 있습니다., 교육적 가치: 스포츠와 지역 사회에 대해 배울 수 있는 보물과도 같은 장소입니다., 인터랙티브 룸: 다양한 스포츠 활동을 체험할 수 있는 훌륭한 인터랙티브 룸이 있습니다., BC 라이온스 경기장 내부 엿보기: BC 라이온스가 경기하는 경기장 안을 엿볼 수 있습니다., 감동적인 전시물: 캐나다의 암 투병자가 걸어온 길을 따라가면서 감동을 주는 전시물도 있습니다., 할인 혜택: 일부 그룹(예: 시니어)에 대해 할인 혜택이 있습니다., 스타디움 투어: 스타디움 투어를 함께 할 수 있습니다.
[단점] 찾기 어려움: 찾기가 매우 힘들다는 점이 단점으로 지적되었습니다., 접근성: 도보로 이동하는 경우 테리 폭스 메모리얼을 찾아야 하며, 계단을 따라 조금 걸어야 합니다.
[핵심 키워드] 전시물, 인터랙티브, 스포츠 역사, 지역 사회, BC 라이온스, 2010년 동계 올림픽, 그렉 무어, 모터 레이싱, 퍼스트 네이션, 할인
[한줄 요약] BC 스포츠 명예의 전당은 다양한 전시물과 인터랙티브한 경험을 제공하며, 브리티시 컬럼비아의 스포츠 역사와 유명한 선수들의 이야기를 배울 수 있는 교육적 가치가 높은 장소입니다. 하지만 찾기가 어렵고 접근성이 떨어지는 점이 단점입니다."
로저스 아레나,BC Place,https://www.facebook.com/RogersArena/,https://www.tripadvisor.co.kr/Attraction_Review-g154943-d2331692-Reviews-Rogers_Arena-Vancouver_British_Columbia.html?m=66827,"800 Griffiths Way, 밴쿠버 브리티시컬럼비아 캐나다",밴쿠버에 있는 618곳 관광지 중 22위,"[관광지명] 로저스 아레나
[장점] 직원들의 뛰어난 고객 서비스 (LORAINE, JAY, JANET), 접근성 및 장애인 편의 시설 (휠체어 지원, 접근 가능한 좌석), 편안한 좌석과 좋은 시야, 파티 분위기의 즐거운 분위기, 밴쿠버 메트로를 통한 쉬운 접근성
[단점] 높은 음식 및 음료 가격, 일부 직원의 불량한 행동 (카메라맨들의 무례한 태도)
[핵심 키워드] 고객 서비스, 접근성, 분위기, 가격, 메트로 접근성
[한줄 요약] 로저스 아레나는 뛰어난 고객 서비스와 접근성, 즐거운 분위기로 칭찬받지만, 높은 가격과 일부 직원의 불량한 행동이 단점으로 지적됩니다."
Cirque Du Soleil Alegría,BC Place,http://www.cirquedusoleil.com/alegria,https://www.tripadvisor.co.kr/Attraction_Review-g154943-d24019443-Reviews-Cirque_Du_Soleil_Alegria-Vancouver_British_Columbia.html?m=66827,"Under the Big Top, Concord Pacific Place, 밴쿠버 브리티시컬럼비아 캐나다",밴쿠버에 있는 618곳 관광지 중 342위,"[관광지명] Cirque Du Soleil Alegría
[장점] **놀라운 쇼**: 많은 관객들이 쇼의 놀라움과 상상력을 칭찬했습니다., **훌륭한 예술가들**: 예술가들이 관대하게 공연을 펼치며 최선을 다하는 점이 강조되었습니다., **다양성과 훌륭함**: 쇼의 다양성과 높은 수준의 공연이 언급되었습니다., **훌륭한 흐름**: 쇼의 흐름이 좋다는 평가가 있었습니다., **놀라운 공연자**: 공연자들의 놀라운 기술이 칭찬받았습니다., **훌륭한 직원**: 직원들의 서비스가 훌륭하다는 평가가 있었습니다.
[단점] **지루함**: 일부 관객들은 쇼가 지루하다고 느꼈습니다., **광대 공연**: 광대 공연이 지루하다는 의견이 있었습니다., **높은 가격**: 티켓 가격이 비싸다는 불만이 있었습니다., **쇼의 가치**: 지불한 가격에 비해 쇼의 가치가 떨어진다는 평가가 있었습니다., **예산 축소**: 쇼의 예산이 축소되어 이전 공연에 비해 흥미가 떨어진다는 의견이 있었습니다., **소품 떨어뜨림**: 저글링 공연 중 소품을 떨어뜨리는 실수가 쇼의 흥을 깨뜨렸다는 평가가 있었습니다.
[핵심 키워드] 놀라운, 지루함, 광대, 다양성, 훌륭함, 흐름, 가격, 가치, 예산, 실수
[한줄 요약] Cirque Du Soleil Alegría는 놀라운 공연과 다양성으로 칭찬받았지만, 일부 관객들은 지루함과 가격 문제로 실망했으며, 예산 축소로 인한 흥미 부족과 실수가 쇼의 전반적인 평가를 떨어뜨렸습니다."
Carve,BC Place,https://rogersarena.com/plan-your-visit/food-and-beverage/,https://www.tripadvisor.co.kr/Restaurant_Review-g154943-d11946502-Reviews-Carve-Vancouver_British_Columbia.html?m=66827,"800 Griffiths Way Rogers Arena, 밴쿠버 브리티시컬럼비아 캐나다","밴쿠버의 3,227개의 맛집 중 2,434위","[관광지명] Carve
[장점] 맛있는 로스트 비프 샌드위치, 효율적이고 조직적인 직원, 최고급 등심, 바삭한 포르케타, 풀드 포크, 손으로 직접 조각낸 샌드위치, 신선하고 지역에서 구운 빵, 편리하고 좋은 위치, 선택권이 있는 메뉴 (로스트 비프, 돼지고기, 해산물), Ms. Vickey 칩 포함
[단점] 가격대가 높은 편
[핵심 키워드] 맛, 효율성, 위치, 가격, 메뉴 선택권, Ms. Vickey 칩
[한줄 요약] Carve는 로저스 아레나에서 맛있는 샌드위치와 효율적인 서비스로 유명하지만, 가격이 다소 높은 편입니다."
Roger Neilson Statue,BC Place,,https://www.tripadvisor.co.kr/Attraction_Review-g154943-d16869567-Reviews-Roger_Neilson_Statue-Vancouver_British_Columbia.html?m=66827,"Rogers Arena, 밴쿠버 브리티시컬럼비아 캐나다",밴쿠버에 있는 618곳 관광지 중 215위,"[관광지명] Roger Neilson Statue
[장점] **역사적 중요성**: 로저 닐슨은 1982년 스탠리 컵 결승에 캐넉스를 진출시켜 밴쿠버 시에 큰 기여를 했다., **문화적 영향**: 그의 ""타월 파워""는 팀과 마을에 상당한 관심을 불러일으켰으며, 이는 플레이오프 전통으로 자리잡았다., **추억의 장소**: 많은 사람들에게 추억을 만들어주는 장소로, 방문자들에게 감동을 준다., **근접성**: 팻 퀸 동상과 가까운 위치에 있어 함께 방문하기 좋다.
[단점] **리뷰에서 직접적인 단점은 언급되지 않았다.**
[핵심 키워드] Roger Neilson, Stanley Cup, Towel Power, Vancouver, Canucks, Memorial, Pat Quinn
[한줄 요약] 로저 닐슨 동상은 그의 역사적 업적과 문화적 영향을 기리며, 밴쿠버 시민들에게 추억과 자부심을 안겨주는 중요한 기념물이다."
Andy Livingston Park,BC Place,http://covapp.vancouver.ca/parkfinder/parkdetail.aspx?inparkid=10,https://www.tripadvisor.co.kr/Attraction_Review-g154943-d10306966-Reviews-Andy_Livingston_Park-Vancouver_British_Columbia.html?m=66827,"89 Expo Boulevard, 밴쿠버 브리티시컬럼비아 캐나다",밴쿠버에 있는 618곳 관광지 중 408위,"[관광지명] Andy Livingston Park
[장점] **시설**: 운동장, 개 공원, 깨끗한 화장실, 주차장이 있음, **위치**: 초등학교와 인접, 코스트코와 가까움, 로저스 아레나 뒷편 연결, **경관**: 차이나타운 산책길, 물길을 따라 걸을 수 있는 길, 고층 건물의 경치, **놀이기구**: 학교 근처에 있어 품질이 탁월함, **안전**: 주사기 버릴 수 있는 수용기가 있음
[단점] **안전 문제**: 마약 사용 및 노숙자 문제로 인해 특히 서쪽 지역이 위험할 수 있음, **관광객에게 부적합**: 관광객에게는 다른 곳을 추천함, **환경**: 서쪽 지역이 무섭고 불쾌한 환경으로 변해가고 있음
[핵심 키워드] 공원, 시설, 위치, 경관, 놀이기구, 안전, 마약, 노숙자, 관광객
[한줄 요약] Andy Livingston Park는 좋은 시설과 경관을 제공하지만, 특히 서쪽 지역에서 마약 사용 및 노숙자 문제로 인해 안전에 주의해야 하며, 관광객에게는 다른 곳을 추천합니다."
Pinnacle Suites - Trendy 2-Story Loft,BMO Field,,https://www.tripadvisor.co.kr/Hotel_Review-g155019-d12827139-Reviews-Pinnacle_Suites_Trendy_2_Story_Loft-Toronto_Ontario.html?m=66827,"5 Hanna Avenue,, 토론토 온타리오 캐나다",148위 (393곳의 토론토 소재 기타 숙박시설 중),"[관광지명] Pinnacle Suites - Trendy 2-Story Loft
[장점] 다운타운 근처 위치
[단점] 위층 침실의 불결함 및 불만족스러운 상태, 침구 및 마감 작업의 질이 낮음, 예약 및 체크인 과정의 혼란 및 불편함, 고객 서비스 및 의사소통 부족, 환불 거부 및 문제 해결 불응
[핵심 키워드] 불결한 침실, 낮은 마감 품질, 예약 문제, 의사소통 부족, 환불 거부
[한줄 요약] Pinnacle Suites - Trendy 2-Story Loft는 불결한 침실과 낮은 마감 품질로 인해 불편함을 겪었으며, 예약 및 체크인 과정에서 혼란과 의사소통 부족으로 인해 큰 불편을 겪었습니다. 환불 거부 및 문제 해결 불응으로 인해 전반적으로 매우 불만족스러운 경험이었습니다."
Ontario Place,BMO Field,http://www.ontarioplace.com/,https://www.tripadvisor.co.kr/Attraction_Review-g155019-d155502-Reviews-Ontario_Place-Toronto_Ontario.html?m=66827,"955 Lake Shore Blvd W Remembrance Dr, 토론토 온타리오 캐나다",토론토에 있는 126곳 콘서트 및 쇼 중 75위,"[관광지명] Ontario Place
[장점] 아름다운 조명 및 장식, 가족 친화적인 활동 (스케이트, 크리스마스 분위기), 잘 유지된 시설 및 깨끗한 화장실, 토론토 해안가의 상징적인 명소, 산책 및 자전거 타기에 적합한 장소
[단점] 비싼 입장료 및 추가 비용 (스케이트, 놀이기구), 비싼 주차 요금, 주차 위치 및 접근성 문제, 드라이브 스루 라이트 쇼의 질이 낮음, 행사 및 이벤트의 실망스러운 경험
[핵심 키워드] 조명, 장식, 스케이트, 가족, 크리스마스, 주차, 비용, 실망, 드라이브 스루, 라이트 쇼
[한줄 요약] 온타리오 플레이스는 아름다운 조명과 가족 친화적인 활동으로 유명하지만, 비싼 비용과 실망스러운 경험으로 인해 방문 시 주의가 필요합니다."
Merci Mon Ami,BMO Field,http://mercimonami.com,https://www.tripadvisor.co.kr/Restaurant_Review-g155019-d4853866-Reviews-Merci_Mon_Ami-Toronto_Ontario.html?m=66827,"171 East Liberty St Unit 107, 토론토 온타리오 캐나다","토론토의 10,581개의 맛집 중 3,560위","[관광지명] Merci Mon Ami
[장점] 지역에서 가장 좋은 캐주얼 다이닝으로 인정받음, 매일 다양한 런치 스페셜과 딜 제공, 음식의 신선함과 맛에 대한 높은 평가, 특히 버거와 샐러드 드레싱이 훌륭하다고 언급, 서비스의 품질이 높음, Taco Tuesday와 같은 특별한 메뉴 추천, 따뜻한 날씨에 매력적인 테라스
[단점] 점심시간에는 매우 붐비고 대기 시간이 길 수 있음, 테라스는 어려운 물리적 환경 속에서도 매력적이지만, 불편할 수 있음
[핵심 키워드] 캐주얼 다이닝, 런치 스페셜, 신선한 음식, 훌륭한 서비스, 버거, 샐러드 드레싱, Taco Tuesday, 붐비는 분위기
[한줄 요약] Merci Mon Ami는 신선한 음식과 훌륭한 서비스로 유명한 캐주얼 다이닝으로, 특히 런치 스페셜과 버거가 인기가 많지만, 점심시간에는 매우 붐비기 때문에 대기 시간이 길 수 있습니다."
Chatime,BMO Field,http://chatime.com,https://www.tripadvisor.co.kr/Restaurant_Review-g155019-d23647071-Reviews-Chatime-Toronto_Ontario.html?m=66827,"143-171 East Liberty St, 토론토 온타리오 캐나다","토론토의 10,581개의 맛집 중 3,131위","[관광지명] Chatime
[장점] 새로운 위치 (리버티 빌리지), 상쾌한 음료 (Honeydew 슬러시, Mango 버전), 맛있는 음료, 가게의 매력적인 분위기
[단점] 특정 단점은 언급되지 않음
[핵심 키워드] 새로운 위치, 상쾌한, 맛있는, 가게 분위기
[한줄 요약] 리버티 빌리지에 새로 오픈한 Chatime는 상쾌한 슬러시와 매력적인 분위기로 버블티와 시원한 음료를 즐기는 이들에게 추천할 만한 곳입니다."
